PurchaseOrderID;SupplierID;OrderDate;DeliveryMethodID;ContactPersonID;ExpectedDeliveryDate;SupplierReference;IsOrderFinalized
1;2;2013-01-01;9;2;2013-01-15;B2084020;1
2;4;2013-01-01;7;2;2013-01-15;293092;1
3;5;2013-01-01;10;2;2013-01-15;08803922;1
4;7;2013-01-01;2;2;2013-01-15;BC0280982;1
5;10;2013-01-01;8;2;2013-01-15;ML0300202;1
6;12;2013-01-01;7;2;2013-01-15;237408032;1
7;4;2013-01-02;7;2;2013-01-22;293092;1
8;5;2013-01-02;10;2;2013-01-22;08803922;1
9;7;2013-01-02;2;2;2013-01-22;BC0280982;1
10;10;2013-01-02;8;2;2013-01-22;ML0300202;1
11;12;2013-01-02;7;2;2013-01-22;237408032;1
12;4;2013-01-03;7;2;2013-01-23;293092;1
13;5;2013-01-03;10;2;2013-01-23;08803922;1
14;7;2013-01-03;2;2;2013-01-23;BC0280982;1
15;10;2013-01-03;8;2;2013-01-23;ML0300202;1
16;12;2013-01-03;7;2;2013-01-23;237408032;1
17;4;2013-01-04;7;2;2013-01-18;293092;1
18;5;2013-01-04;10;2;2013-01-18;08803922;1
19;7;2013-01-04;2;2;2013-01-18;BC0280982;1
20;10;2013-01-04;8;2;2013-01-18;ML0300202;1
21;4;2013-01-05;7;2;2013-01-25;293092;1
22;5;2013-01-05;10;2;2013-01-25;08803922;1
23;7;2013-01-05;2;2;2013-01-25;BC0280982;1
24;10;2013-01-05;8;2;2013-01-25;ML0300202;1
25;12;2013-01-05;7;2;2013-01-25;237408032;1
26;4;2013-01-07;7;2;2013-01-27;293092;1
27;5;2013-01-07;10;2;2013-01-27;08803922;1
28;7;2013-01-07;2;2;2013-01-27;BC0280982;1
29;10;2013-01-07;8;2;2013-01-27;ML0300202;1
30;12;2013-01-07;7;2;2013-01-27;237408032;1
31;7;2013-01-08;2;2;2013-01-28;BC0280982;1
32;4;2013-01-09;7;2;2013-01-29;293092;1
33;5;2013-01-09;10;2;2013-01-29;08803922;1
34;7;2013-01-09;2;2;2013-01-29;BC0280982;1
35;10;2013-01-09;8;2;2013-01-29;ML0300202;1
36;4;2013-01-10;7;2;2013-01-30;293092;1
37;5;2013-01-10;10;2;2013-01-30;08803922;1
38;7;2013-01-10;2;2;2013-01-30;BC0280982;1
39;4;2013-01-11;7;2;2013-01-23;293092;1
40;5;2013-01-11;10;2;2013-01-23;08803922;1
41;4;2013-01-12;7;2;2013-02-01;293092;1
42;7;2013-01-12;2;2;2013-02-01;BC0280982;1
43;4;2013-01-14;7;2;2013-02-03;293092;1
44;5;2013-01-14;10;2;2013-02-03;08803922;1
45;7;2013-01-14;2;2;2013-02-03;BC0280982;1
46;10;2013-01-14;8;2;2013-02-03;ML0300202;1
47;4;2013-01-15;7;2;2013-01-29;293092;1
48;5;2013-01-15;10;2;2013-01-29;08803922;1
49;10;2013-01-15;8;2;2013-01-29;ML0300202;1
50;4;2013-01-16;7;2;2013-01-23;293092;1
51;4;2013-01-17;7;2;2013-01-24;293092;1
52;4;2013-01-18;7;2;2013-01-30;293092;1
53;5;2013-01-18;10;2;2013-01-30;08803922;1
54;4;2013-01-19;7;2;2013-01-31;293092;1
55;5;2013-01-19;10;2;2013-01-31;08803922;1
56;4;2013-01-21;7;2;2013-01-28;293092;1
57;4;2013-01-22;7;2;2013-01-29;293092;1
58;4;2013-01-23;7;2;2013-01-30;293092;1
59;4;2013-01-24;7;2;2013-01-31;293092;1
60;4;2013-01-25;7;2;2013-02-01;293092;1
61;4;2013-01-26;7;2;2013-02-09;293092;1
62;10;2013-01-26;8;2;2013-02-09;ML0300202;1
63;4;2013-01-28;7;2;2013-02-17;293092;1
64;7;2013-01-28;2;2;2013-02-17;BC0280982;1
65;4;2013-01-29;7;2;2013-02-18;293092;1
66;7;2013-01-29;2;2;2013-02-18;BC0280982;1
67;4;2013-01-30;7;2;2013-02-06;293092;1
68;4;2013-01-31;7;2;2013-02-07;293092;1
69;4;2013-02-01;7;2;2013-02-08;293092;1
70;4;2013-02-02;7;2;2013-02-09;293092;1
71;4;2013-02-04;7;2;2013-02-11;293092;1
72;4;2013-02-05;7;2;2013-02-12;293092;1
73;4;2013-02-06;7;2;2013-02-13;293092;1
74;4;2013-02-07;7;2;2013-02-14;293092;1
75;4;2013-02-08;7;2;2013-02-15;293092;1
76;4;2013-02-09;7;2;2013-02-16;293092;1
77;4;2013-02-11;7;2;2013-02-18;293092;1
78;4;2013-02-12;7;2;2013-02-19;293092;1
79;4;2013-02-13;7;2;2013-03-05;293092;1
80;7;2013-02-13;2;2;2013-03-05;BC0280982;1
81;4;2013-02-14;7;2;2013-03-06;293092;1
82;7;2013-02-14;2;2;2013-03-06;BC0280982;1
83;4;2013-02-15;7;2;2013-03-07;293092;1
84;7;2013-02-15;2;2;2013-03-07;BC0280982;1
85;4;2013-02-16;7;2;2013-02-23;293092;1
86;4;2013-02-18;7;2;2013-03-10;293092;1
87;7;2013-02-18;2;2;2013-03-10;BC0280982;1
88;4;2013-02-19;7;2;2013-03-11;293092;1
89;7;2013-02-19;2;2;2013-03-11;BC0280982;1
90;4;2013-02-20;7;2;2013-03-12;293092;1
91;7;2013-02-20;2;2;2013-03-12;BC0280982;1
92;4;2013-02-21;7;2;2013-03-13;293092;1
93;7;2013-02-21;2;2;2013-03-13;BC0280982;1
94;4;2013-02-22;7;2;2013-03-14;293092;1
95;7;2013-02-22;2;2;2013-03-14;BC0280982;1
96;4;2013-02-23;7;2;2013-03-15;293092;1
97;7;2013-02-23;2;2;2013-03-15;BC0280982;1
98;4;2013-02-25;7;2;2013-03-17;293092;1
99;7;2013-02-25;2;2;2013-03-17;BC0280982;1
100;4;2013-02-26;7;2;2013-03-18;293092;1
101;7;2013-02-26;2;2;2013-03-18;BC0280982;1
102;4;2013-02-27;7;2;2013-03-19;293092;1
103;7;2013-02-27;2;2;2013-03-19;BC0280982;1
104;4;2013-02-28;7;2;2013-03-20;293092;1
105;7;2013-02-28;2;2;2013-03-20;BC0280982;1
106;4;2013-03-01;7;2;2013-03-21;293092;1
107;7;2013-03-01;2;2;2013-03-21;BC0280982;1
108;4;2013-03-02;7;2;2013-03-09;293092;1
109;4;2013-03-04;7;2;2013-03-24;293092;1
110;7;2013-03-04;2;2;2013-03-24;BC0280982;1
111;4;2013-03-05;7;2;2013-03-25;293092;1
112;7;2013-03-05;2;2;2013-03-25;BC0280982;1
113;4;2013-03-06;7;2;2013-03-26;293092;1
114;7;2013-03-06;2;2;2013-03-26;BC0280982;1
115;4;2013-03-07;7;2;2013-03-27;293092;1
116;7;2013-03-07;2;2;2013-03-27;BC0280982;1
117;4;2013-03-08;7;2;2013-03-28;293092;1
118;7;2013-03-08;2;2;2013-03-28;BC0280982;1
119;4;2013-03-09;7;2;2013-03-16;293092;1
120;4;2013-03-11;7;2;2013-03-31;293092;1
121;7;2013-03-11;2;2;2013-03-31;BC0280982;1
122;4;2013-03-12;7;2;2013-04-01;293092;1
123;7;2013-03-12;2;2;2013-04-01;BC0280982;1
124;4;2013-03-13;7;2;2013-04-02;293092;1
125;7;2013-03-13;2;2;2013-04-02;BC0280982;1
126;4;2013-03-14;7;2;2013-04-03;293092;1
127;7;2013-03-14;2;2;2013-04-03;BC0280982;1
128;4;2013-03-15;7;2;2013-04-04;293092;1
129;7;2013-03-15;2;2;2013-04-04;BC0280982;1
130;4;2013-03-16;7;2;2013-03-23;293092;1
131;4;2013-03-18;7;2;2013-04-07;293092;1
132;7;2013-03-18;2;2;2013-04-07;BC0280982;1
133;4;2013-03-19;7;2;2013-04-08;293092;1
134;7;2013-03-19;2;2;2013-04-08;BC0280982;1
135;4;2013-03-20;7;2;2013-04-09;293092;1
136;7;2013-03-20;2;2;2013-04-09;BC0280982;1
137;4;2013-03-21;7;2;2013-04-10;293092;1
138;7;2013-03-21;2;2;2013-04-10;BC0280982;1
139;4;2013-03-22;7;2;2013-04-11;293092;1
140;7;2013-03-22;2;2;2013-04-11;BC0280982;1
141;7;2013-03-23;2;2;2013-04-12;BC0280982;1
142;4;2013-03-25;7;2;2013-04-14;293092;1
143;7;2013-03-25;2;2;2013-04-14;BC0280982;1
144;4;2013-03-26;7;2;2013-04-15;293092;1
145;7;2013-03-26;2;2;2013-04-15;BC0280982;1
146;4;2013-03-27;7;2;2013-04-16;293092;1
147;7;2013-03-27;2;2;2013-04-16;BC0280982;1
148;4;2013-03-28;7;2;2013-04-17;293092;1
149;7;2013-03-28;2;2;2013-04-17;BC0280982;1
150;4;2013-03-29;7;2;2013-04-18;293092;1
151;7;2013-03-29;2;2;2013-04-18;BC0280982;1
152;4;2013-03-30;7;2;2013-04-06;293092;1
153;4;2013-04-01;7;2;2013-04-21;293092;1
154;7;2013-04-01;2;2;2013-04-21;BC0280982;1
155;4;2013-04-02;7;2;2013-04-22;293092;1
156;7;2013-04-02;2;2;2013-04-22;BC0280982;1
157;4;2013-04-03;7;2;2013-04-23;293092;1
158;7;2013-04-03;2;2;2013-04-23;BC0280982;1
159;4;2013-04-04;7;2;2013-04-24;293092;1
160;7;2013-04-04;2;2;2013-04-24;BC0280982;1
161;4;2013-04-05;7;2;2013-04-25;293092;1
162;7;2013-04-05;2;2;2013-04-25;BC0280982;1
163;4;2013-04-06;7;2;2013-04-26;293092;1
164;7;2013-04-06;2;2;2013-04-26;BC0280982;1
165;4;2013-04-08;7;2;2013-04-28;293092;1
166;7;2013-04-08;2;2;2013-04-28;BC0280982;1
167;4;2013-04-09;7;2;2013-04-29;293092;1
168;7;2013-04-09;2;2;2013-04-29;BC0280982;1
169;4;2013-04-10;7;2;2013-04-30;293092;1
170;7;2013-04-10;2;2;2013-04-30;BC0280982;1
171;4;2013-04-11;7;2;2013-05-01;293092;1
172;7;2013-04-11;2;2;2013-05-01;BC0280982;1
173;4;2013-04-12;7;2;2013-05-02;293092;1
174;7;2013-04-12;2;2;2013-05-02;BC0280982;1
175;4;2013-04-13;7;2;2013-04-20;293092;1
176;4;2013-04-15;7;2;2013-05-05;293092;1
177;7;2013-04-15;2;2;2013-05-05;BC0280982;1
178;4;2013-04-16;7;2;2013-05-06;293092;1
179;7;2013-04-16;2;2;2013-05-06;BC0280982;1
180;4;2013-04-17;7;2;2013-05-07;293092;1
181;7;2013-04-17;2;2;2013-05-07;BC0280982;1
182;4;2013-04-18;7;2;2013-05-08;293092;1
183;7;2013-04-18;2;2;2013-05-08;BC0280982;1
184;4;2013-04-19;7;2;2013-05-09;293092;1
185;7;2013-04-19;2;2;2013-05-09;BC0280982;1
186;4;2013-04-20;7;2;2013-05-04;293092;1
187;7;2013-04-20;2;2;2013-05-04;BC0280982;1
188;4;2013-04-22;7;2;2013-05-12;293092;1
189;7;2013-04-22;2;2;2013-05-12;BC0280982;1
190;4;2013-04-23;7;2;2013-05-13;293092;1
191;7;2013-04-23;2;2;2013-05-13;BC0280982;1
192;4;2013-04-24;7;2;2013-05-14;293092;1
193;7;2013-04-24;2;2;2013-05-14;BC0280982;1
194;4;2013-04-25;7;2;2013-05-15;293092;1
195;7;2013-04-25;2;2;2013-05-15;BC0280982;1
196;4;2013-04-26;7;2;2013-05-16;293092;1
197;7;2013-04-26;2;2;2013-05-16;BC0280982;1
198;4;2013-04-27;7;2;2013-05-11;293092;1
199;7;2013-04-27;2;2;2013-05-11;BC0280982;1
200;4;2013-04-29;7;2;2013-05-19;293092;1
201;7;2013-04-29;2;2;2013-05-19;BC0280982;1
202;4;2013-04-30;7;2;2013-05-20;293092;1
203;7;2013-04-30;2;2;2013-05-20;BC0280982;1
204;4;2013-05-01;7;2;2013-05-21;293092;1
205;7;2013-05-01;2;2;2013-05-21;BC0280982;1
206;4;2013-05-02;7;2;2013-05-22;293092;1
207;7;2013-05-02;2;2;2013-05-22;BC0280982;1
208;4;2013-05-03;7;2;2013-05-23;293092;1
209;7;2013-05-03;2;2;2013-05-23;BC0280982;1
210;4;2013-05-04;7;2;2013-05-11;293092;1
211;4;2013-05-06;7;2;2013-05-26;293092;1
212;7;2013-05-06;2;2;2013-05-26;BC0280982;1
213;4;2013-05-07;7;2;2013-05-27;293092;1
214;7;2013-05-07;2;2;2013-05-27;BC0280982;1
215;4;2013-05-08;7;2;2013-05-28;293092;1
216;7;2013-05-08;2;2;2013-05-28;BC0280982;1
217;4;2013-05-09;7;2;2013-05-29;293092;1
218;7;2013-05-09;2;2;2013-05-29;BC0280982;1
219;4;2013-05-10;7;2;2013-05-30;293092;1
220;7;2013-05-10;2;2;2013-05-30;BC0280982;1
221;4;2013-05-11;7;2;2013-05-18;293092;1
222;4;2013-05-13;7;2;2013-06-02;293092;1
223;7;2013-05-13;2;2;2013-06-02;BC0280982;1
224;4;2013-05-14;7;2;2013-06-03;293092;1
225;7;2013-05-14;2;2;2013-06-03;BC0280982;1
226;4;2013-05-15;7;2;2013-06-04;293092;1
227;7;2013-05-15;2;2;2013-06-04;BC0280982;1
228;4;2013-05-16;7;2;2013-06-05;293092;1
229;7;2013-05-16;2;2;2013-06-05;BC0280982;1
230;4;2013-05-17;7;2;2013-06-06;293092;1
231;7;2013-05-17;2;2;2013-06-06;BC0280982;1
232;4;2013-05-18;7;2;2013-06-07;293092;1
233;7;2013-05-18;2;2;2013-06-07;BC0280982;1
234;4;2013-05-20;7;2;2013-06-09;293092;1
235;7;2013-05-20;2;2;2013-06-09;BC0280982;1
236;4;2013-05-21;7;2;2013-06-10;293092;1
237;7;2013-05-21;2;2;2013-06-10;BC0280982;1
238;4;2013-05-22;7;2;2013-06-11;293092;1
239;7;2013-05-22;2;2;2013-06-11;BC0280982;1
240;4;2013-05-23;7;2;2013-06-12;293092;1
241;7;2013-05-23;2;2;2013-06-12;BC0280982;1
242;4;2013-05-24;7;2;2013-06-13;293092;1
243;7;2013-05-24;2;2;2013-06-13;BC0280982;1
244;4;2013-05-25;7;2;2013-06-08;293092;1
245;7;2013-05-25;2;2;2013-06-08;BC0280982;1
246;4;2013-05-27;7;2;2013-06-16;293092;1
247;7;2013-05-27;2;2;2013-06-16;BC0280982;1
248;4;2013-05-28;7;2;2013-06-17;293092;1
249;7;2013-05-28;2;2;2013-06-17;BC0280982;1
250;4;2013-05-29;7;2;2013-06-18;293092;1
251;7;2013-05-29;2;2;2013-06-18;BC0280982;1
252;4;2013-05-30;7;2;2013-06-19;293092;1
253;7;2013-05-30;2;2;2013-06-19;BC0280982;1
254;4;2013-05-31;7;2;2013-06-20;293092;1
255;7;2013-05-31;2;2;2013-06-20;BC0280982;1
256;4;2013-06-01;7;2;2013-06-08;293092;1
257;4;2013-06-03;7;2;2013-06-23;293092;1
258;7;2013-06-03;2;2;2013-06-23;BC0280982;1
259;4;2013-06-04;7;2;2013-06-24;293092;1
260;7;2013-06-04;2;2;2013-06-24;BC0280982;1
261;4;2013-06-05;7;2;2013-06-25;293092;1
262;7;2013-06-05;2;2;2013-06-25;BC0280982;1
263;4;2013-06-06;7;2;2013-06-26;293092;1
264;7;2013-06-06;2;2;2013-06-26;BC0280982;1
265;4;2013-06-07;7;2;2013-06-27;293092;1
266;7;2013-06-07;2;2;2013-06-27;BC0280982;1
267;4;2013-06-08;7;2;2013-06-22;293092;1
268;7;2013-06-08;2;2;2013-06-22;BC0280982;1
269;4;2013-06-10;7;2;2013-06-30;293092;1
270;7;2013-06-10;2;2;2013-06-30;BC0280982;1
271;4;2013-06-11;7;2;2013-07-01;293092;1
272;7;2013-06-11;2;2;2013-07-01;BC0280982;1
273;4;2013-06-12;7;2;2013-07-02;293092;1
274;7;2013-06-12;2;2;2013-07-02;BC0280982;1
275;4;2013-06-13;7;2;2013-07-03;293092;1
276;7;2013-06-13;2;2;2013-07-03;BC0280982;1
277;4;2013-06-14;7;2;2013-07-04;293092;1
278;7;2013-06-14;2;2;2013-07-04;BC0280982;1
279;4;2013-06-15;7;2;2013-06-29;293092;1
280;7;2013-06-15;2;2;2013-06-29;BC0280982;1
281;4;2013-06-17;7;2;2013-07-07;293092;1
282;7;2013-06-17;2;2;2013-07-07;BC0280982;1
283;4;2013-06-18;7;2;2013-07-08;293092;1
284;7;2013-06-18;2;2;2013-07-08;BC0280982;1
285;4;2013-06-19;7;2;2013-07-09;293092;1
286;7;2013-06-19;2;2;2013-07-09;BC0280982;1
287;4;2013-06-20;7;2;2013-07-10;293092;1
288;7;2013-06-20;2;2;2013-07-10;BC0280982;1
289;4;2013-06-21;7;2;2013-07-11;293092;1
290;7;2013-06-21;2;2;2013-07-11;BC0280982;1
291;4;2013-06-22;7;2;2013-07-06;293092;1
292;7;2013-06-22;2;2;2013-07-06;BC0280982;1
293;4;2013-06-24;7;2;2013-07-14;293092;1
294;7;2013-06-24;2;2;2013-07-14;BC0280982;1
295;4;2013-06-25;7;2;2013-07-15;293092;1
296;7;2013-06-25;2;2;2013-07-15;BC0280982;1
297;4;2013-06-26;7;2;2013-07-16;293092;1
298;7;2013-06-26;2;2;2013-07-16;BC0280982;1
299;4;2013-06-27;7;2;2013-07-17;293092;1
300;7;2013-06-27;2;2;2013-07-17;BC0280982;1
301;4;2013-06-28;7;2;2013-07-18;293092;1
302;7;2013-06-28;2;2;2013-07-18;BC0280982;1
303;4;2013-06-29;7;2;2013-07-13;293092;1
304;7;2013-06-29;2;2;2013-07-13;BC0280982;1
305;4;2013-07-01;7;2;2013-07-21;293092;1
306;7;2013-07-01;2;2;2013-07-21;BC0280982;1
307;4;2013-07-02;7;2;2013-07-22;293092;1
308;7;2013-07-02;2;2;2013-07-22;BC0280982;1
309;4;2013-07-03;7;2;2013-07-23;293092;1
310;7;2013-07-03;2;2;2013-07-23;BC0280982;1
311;4;2013-07-04;7;2;2013-07-24;293092;1
312;7;2013-07-04;2;2;2013-07-24;BC0280982;1
313;4;2013-07-05;7;2;2013-07-25;293092;1
314;7;2013-07-05;2;2;2013-07-25;BC0280982;1
315;4;2013-07-06;7;2;2013-07-20;293092;1
316;7;2013-07-06;2;2;2013-07-20;BC0280982;1
317;4;2013-07-08;7;2;2013-07-28;293092;1
318;7;2013-07-08;2;2;2013-07-28;BC0280982;1
319;4;2013-07-09;7;2;2013-07-29;293092;1
320;7;2013-07-09;2;2;2013-07-29;BC0280982;1
321;4;2013-07-10;7;2;2013-07-30;293092;1
322;7;2013-07-10;2;2;2013-07-30;BC0280982;1
323;4;2013-07-11;7;2;2013-07-31;293092;1
324;7;2013-07-11;2;2;2013-07-31;BC0280982;1
325;4;2013-07-12;7;2;2013-08-01;293092;1
326;7;2013-07-12;2;2;2013-08-01;BC0280982;1
327;4;2013-07-13;7;2;2013-07-27;293092;1
328;7;2013-07-13;2;2;2013-07-27;BC0280982;1
329;4;2013-07-15;7;2;2013-08-04;293092;1
330;7;2013-07-15;2;2;2013-08-04;BC0280982;1
331;4;2013-07-16;7;2;2013-08-05;293092;1
332;7;2013-07-16;2;2;2013-08-05;BC0280982;1
333;4;2013-07-17;7;2;2013-08-06;293092;1
334;7;2013-07-17;2;2;2013-08-06;BC0280982;1
335;4;2013-07-18;7;2;2013-08-07;293092;1
336;7;2013-07-18;2;2;2013-08-07;BC0280982;1
337;4;2013-07-19;7;2;2013-08-08;293092;1
338;7;2013-07-19;2;2;2013-08-08;BC0280982;1
339;4;2013-07-20;7;2;2013-07-27;293092;1
340;4;2013-07-22;7;2;2013-08-11;293092;1
341;7;2013-07-22;2;2;2013-08-11;BC0280982;1
342;4;2013-07-23;7;2;2013-08-12;293092;1
343;7;2013-07-23;2;2;2013-08-12;BC0280982;1
344;4;2013-07-24;7;2;2013-08-13;293092;1
345;7;2013-07-24;2;2;2013-08-13;BC0280982;1
346;4;2013-07-25;7;2;2013-08-14;293092;1
347;7;2013-07-25;2;2;2013-08-14;BC0280982;1
348;4;2013-07-26;7;2;2013-08-15;293092;1
349;7;2013-07-26;2;2;2013-08-15;BC0280982;1
350;4;2013-07-27;7;2;2013-08-03;293092;1
351;4;2013-07-29;7;2;2013-08-18;293092;1
352;7;2013-07-29;2;2;2013-08-18;BC0280982;1
353;4;2013-07-30;7;2;2013-08-19;293092;1
354;7;2013-07-30;2;2;2013-08-19;BC0280982;1
355;4;2013-07-31;7;2;2013-08-20;293092;1
356;7;2013-07-31;2;2;2013-08-20;BC0280982;1
357;4;2013-08-01;7;2;2013-08-21;293092;1
358;7;2013-08-01;2;2;2013-08-21;BC0280982;1
359;4;2013-08-02;7;2;2013-08-22;293092;1
360;7;2013-08-02;2;2;2013-08-22;BC0280982;1
361;4;2013-08-03;7;2;2013-08-23;293092;1
362;7;2013-08-03;2;2;2013-08-23;BC0280982;1
363;4;2013-08-05;7;2;2013-08-25;293092;1
364;7;2013-08-05;2;2;2013-08-25;BC0280982;1
365;4;2013-08-06;7;2;2013-08-26;293092;1
366;7;2013-08-06;2;2;2013-08-26;BC0280982;1
367;4;2013-08-07;7;2;2013-08-27;293092;1
368;7;2013-08-07;2;2;2013-08-27;BC0280982;1
369;4;2013-08-08;7;2;2013-08-28;293092;1
370;7;2013-08-08;2;2;2013-08-28;BC0280982;1
371;4;2013-08-09;7;2;2013-08-29;293092;1
372;7;2013-08-09;2;2;2013-08-29;BC0280982;1
373;4;2013-08-10;7;2;2013-08-24;293092;1
374;7;2013-08-10;2;2;2013-08-24;BC0280982;1
375;4;2013-08-12;7;2;2013-09-01;293092;1
376;7;2013-08-12;2;2;2013-09-01;BC0280982;1
377;4;2013-08-13;7;2;2013-09-02;293092;1
378;7;2013-08-13;2;2;2013-09-02;BC0280982;1
379;4;2013-08-14;7;2;2013-09-03;293092;1
380;7;2013-08-14;2;2;2013-09-03;BC0280982;1
381;4;2013-08-15;7;2;2013-09-04;293092;1
382;7;2013-08-15;2;2;2013-09-04;BC0280982;1
383;4;2013-08-16;7;2;2013-09-05;293092;1
384;7;2013-08-16;2;2;2013-09-05;BC0280982;1
385;4;2013-08-17;7;2;2013-09-06;293092;1
386;7;2013-08-17;2;2;2013-09-06;BC0280982;1
387;4;2013-08-19;7;2;2013-09-08;293092;1
388;7;2013-08-19;2;2;2013-09-08;BC0280982;1
389;4;2013-08-20;7;2;2013-09-09;293092;1
390;7;2013-08-20;2;2;2013-09-09;BC0280982;1
391;4;2013-08-21;7;2;2013-09-10;293092;1
392;7;2013-08-21;2;2;2013-09-10;BC0280982;1
393;4;2013-08-22;7;2;2013-09-11;293092;1
394;7;2013-08-22;2;2;2013-09-11;BC0280982;1
395;4;2013-08-23;7;2;2013-09-12;293092;1
396;7;2013-08-23;2;2;2013-09-12;BC0280982;1
397;4;2013-08-24;7;2;2013-09-13;293092;1
398;7;2013-08-24;2;2;2013-09-13;BC0280982;1
399;4;2013-08-26;7;2;2013-09-15;293092;1
400;7;2013-08-26;2;2;2013-09-15;BC0280982;1
401;4;2013-08-27;7;2;2013-09-16;293092;1
402;7;2013-08-27;2;2;2013-09-16;BC0280982;1
403;4;2013-08-28;7;2;2013-09-17;293092;1
404;7;2013-08-28;2;2;2013-09-17;BC0280982;1
405;4;2013-08-29;7;2;2013-09-18;293092;1
406;7;2013-08-29;2;2;2013-09-18;BC0280982;1
407;4;2013-08-30;7;2;2013-09-19;293092;1
408;7;2013-08-30;2;2;2013-09-19;BC0280982;1
409;4;2013-08-31;7;2;2013-09-20;293092;1
410;7;2013-08-31;2;2;2013-09-20;BC0280982;1
411;4;2013-09-02;7;2;2013-09-22;293092;1
412;7;2013-09-02;2;2;2013-09-22;BC0280982;1
413;4;2013-09-03;7;2;2013-09-23;293092;1
414;7;2013-09-03;2;2;2013-09-23;BC0280982;1
415;4;2013-09-04;7;2;2013-09-24;293092;1
416;7;2013-09-04;2;2;2013-09-24;BC0280982;1
417;4;2013-09-05;7;2;2013-09-25;293092;1
418;7;2013-09-05;2;2;2013-09-25;BC0280982;1
419;4;2013-09-06;7;2;2013-09-26;293092;1
420;7;2013-09-06;2;2;2013-09-26;BC0280982;1
421;4;2013-09-07;7;2;2013-09-14;293092;1
422;4;2013-09-09;7;2;2013-09-29;293092;1
423;7;2013-09-09;2;2;2013-09-29;BC0280982;1
424;4;2013-09-10;7;2;2013-09-30;293092;1
425;7;2013-09-10;2;2;2013-09-30;BC0280982;1
426;4;2013-09-11;7;2;2013-10-01;293092;1
427;7;2013-09-11;2;2;2013-10-01;BC0280982;1
428;4;2013-09-12;7;2;2013-10-02;293092;1
429;7;2013-09-12;2;2;2013-10-02;BC0280982;1
430;4;2013-09-13;7;2;2013-10-03;293092;1
431;7;2013-09-13;2;2;2013-10-03;BC0280982;1
432;4;2013-09-14;7;2;2013-09-21;293092;1
433;4;2013-09-16;7;2;2013-10-06;293092;1
434;7;2013-09-16;2;2;2013-10-06;BC0280982;1
435;4;2013-09-17;7;2;2013-10-07;293092;1
436;7;2013-09-17;2;2;2013-10-07;BC0280982;1
437;4;2013-09-18;7;2;2013-10-08;293092;1
438;7;2013-09-18;2;2;2013-10-08;BC0280982;1
439;4;2013-09-19;7;2;2013-10-09;293092;1
440;7;2013-09-19;2;2;2013-10-09;BC0280982;1
441;4;2013-09-20;7;2;2013-10-10;293092;1
442;7;2013-09-20;2;2;2013-10-10;BC0280982;1
443;4;2013-09-21;7;2;2013-09-28;293092;1
444;4;2013-09-23;7;2;2013-10-13;293092;1
445;7;2013-09-23;2;2;2013-10-13;BC0280982;1
446;4;2013-09-24;7;2;2013-10-14;293092;1
447;7;2013-09-24;2;2;2013-10-14;BC0280982;1
448;4;2013-09-25;7;2;2013-10-15;293092;1
449;7;2013-09-25;2;2;2013-10-15;BC0280982;1
450;4;2013-09-26;7;2;2013-10-16;293092;1
451;7;2013-09-26;2;2;2013-10-16;BC0280982;1
452;4;2013-09-27;7;2;2013-10-17;293092;1
453;7;2013-09-27;2;2;2013-10-17;BC0280982;1
454;7;2013-09-28;2;2;2013-10-18;BC0280982;1
455;4;2013-09-30;7;2;2013-10-20;293092;1
456;7;2013-09-30;2;2;2013-10-20;BC0280982;1
457;4;2013-10-01;7;2;2013-10-21;293092;1
458;7;2013-10-01;2;2;2013-10-21;BC0280982;1
459;4;2013-10-02;7;2;2013-10-22;293092;1
460;7;2013-10-02;2;2;2013-10-22;BC0280982;1
461;4;2013-10-03;7;2;2013-10-23;293092;1
462;7;2013-10-03;2;2;2013-10-23;BC0280982;1
463;4;2013-10-04;7;2;2013-10-24;293092;1
464;7;2013-10-04;2;2;2013-10-24;BC0280982;1
465;4;2013-10-05;7;2;2013-10-25;293092;1
466;7;2013-10-05;2;2;2013-10-25;BC0280982;1
467;4;2013-10-07;7;2;2013-10-27;293092;1
468;7;2013-10-07;2;2;2013-10-27;BC0280982;1
469;4;2013-10-08;7;2;2013-10-28;293092;1
470;7;2013-10-08;2;2;2013-10-28;BC0280982;1
471;4;2013-10-09;7;2;2013-10-29;293092;1
472;7;2013-10-09;2;2;2013-10-29;BC0280982;1
473;4;2013-10-10;7;2;2013-10-30;293092;1
474;7;2013-10-10;2;2;2013-10-30;BC0280982;1
475;4;2013-10-11;7;2;2013-10-31;293092;1
476;7;2013-10-11;2;2;2013-10-31;BC0280982;1
477;4;2013-10-12;7;2;2013-10-19;293092;1
478;4;2013-10-14;7;2;2013-11-03;293092;1
479;7;2013-10-14;2;2;2013-11-03;BC0280982;1
480;4;2013-10-15;7;2;2013-11-04;293092;1
481;7;2013-10-15;2;2;2013-11-04;BC0280982;1
482;4;2013-10-16;7;2;2013-11-05;293092;1
483;7;2013-10-16;2;2;2013-11-05;BC0280982;1
484;4;2013-10-17;7;2;2013-11-06;293092;1
485;7;2013-10-17;2;2;2013-11-06;BC0280982;1
486;4;2013-10-18;7;2;2013-11-07;293092;1
487;7;2013-10-18;2;2;2013-11-07;BC0280982;1
488;4;2013-10-19;7;2;2013-11-08;293092;1
489;7;2013-10-19;2;2;2013-11-08;BC0280982;1
490;4;2013-10-21;7;2;2013-11-10;293092;1
491;7;2013-10-21;2;2;2013-11-10;BC0280982;1
492;4;2013-10-22;7;2;2013-11-11;293092;1
493;7;2013-10-22;2;2;2013-11-11;BC0280982;1
494;4;2013-10-23;7;2;2013-11-12;293092;1
495;7;2013-10-23;2;2;2013-11-12;BC0280982;1
496;4;2013-10-24;7;2;2013-11-13;293092;1
497;7;2013-10-24;2;2;2013-11-13;BC0280982;1
498;4;2013-10-25;7;2;2013-11-14;293092;1
499;7;2013-10-25;2;2;2013-11-14;BC0280982;1
500;4;2013-10-26;7;2;2013-11-15;293092;1
501;7;2013-10-26;2;2;2013-11-15;BC0280982;1
502;4;2013-10-28;7;2;2013-11-17;293092;1
503;7;2013-10-28;2;2;2013-11-17;BC0280982;1
504;4;2013-10-29;7;2;2013-11-18;293092;1
505;7;2013-10-29;2;2;2013-11-18;BC0280982;1
506;4;2013-10-30;7;2;2013-11-19;293092;1
507;7;2013-10-30;2;2;2013-11-19;BC0280982;1
508;4;2013-10-31;7;2;2013-11-20;293092;1
509;7;2013-10-31;2;2;2013-11-20;BC0280982;1
510;4;2013-11-01;7;2;2013-11-21;293092;1
511;7;2013-11-01;2;2;2013-11-21;BC0280982;1
512;4;2013-11-02;7;2;2013-11-22;293092;1
513;7;2013-11-02;2;2;2013-11-22;BC0280982;1
514;4;2013-11-04;7;2;2013-11-24;293092;1
515;7;2013-11-04;2;2;2013-11-24;BC0280982;1
516;4;2013-11-05;7;2;2013-11-25;293092;1
517;7;2013-11-05;2;2;2013-11-25;BC0280982;1
518;4;2013-11-06;7;2;2013-11-26;293092;1
519;7;2013-11-06;2;2;2013-11-26;BC0280982;1
520;4;2013-11-07;7;2;2013-11-27;293092;1
521;7;2013-11-07;2;2;2013-11-27;BC0280982;1
522;4;2013-11-08;7;2;2013-11-28;293092;1
523;7;2013-11-08;2;2;2013-11-28;BC0280982;1
524;4;2013-11-09;7;2;2013-11-16;293092;1
525;4;2013-11-11;7;2;2013-12-01;293092;1
526;7;2013-11-11;2;2;2013-12-01;BC0280982;1
527;4;2013-11-12;7;2;2013-12-02;293092;1
528;7;2013-11-12;2;2;2013-12-02;BC0280982;1
529;4;2013-11-13;7;2;2013-12-03;293092;1
530;7;2013-11-13;2;2;2013-12-03;BC0280982;1
531;4;2013-11-14;7;2;2013-12-04;293092;1
532;7;2013-11-14;2;2;2013-12-04;BC0280982;1
533;4;2013-11-15;7;2;2013-12-05;293092;1
534;7;2013-11-15;2;2;2013-12-05;BC0280982;1
535;4;2013-11-16;7;2;2013-11-23;293092;1
536;4;2013-11-18;7;2;2013-12-08;293092;1
537;7;2013-11-18;2;2;2013-12-08;BC0280982;1
538;4;2013-11-19;7;2;2013-12-09;293092;1
539;7;2013-11-19;2;2;2013-12-09;BC0280982;1
540;4;2013-11-20;7;2;2013-12-10;293092;1
541;7;2013-11-20;2;2;2013-12-10;BC0280982;1
542;4;2013-11-21;7;2;2013-12-11;293092;1
543;7;2013-11-21;2;2;2013-12-11;BC0280982;1
544;4;2013-11-22;7;2;2013-12-12;293092;1
545;7;2013-11-22;2;2;2013-12-12;BC0280982;1
546;4;2013-11-23;7;2;2013-11-30;293092;1
547;4;2013-11-25;7;2;2013-12-15;293092;1
548;7;2013-11-25;2;2;2013-12-15;BC0280982;1
549;4;2013-11-26;7;2;2013-12-16;293092;1
550;7;2013-11-26;2;2;2013-12-16;BC0280982;1
551;4;2013-11-27;7;2;2013-12-17;293092;1
552;7;2013-11-27;2;2;2013-12-17;BC0280982;1
553;4;2013-11-28;7;2;2013-12-18;293092;1
554;7;2013-11-28;2;2;2013-12-18;BC0280982;1
555;4;2013-11-29;7;2;2013-12-19;293092;1
556;7;2013-11-29;2;2;2013-12-19;BC0280982;1
557;4;2013-11-30;7;2;2013-12-07;293092;1
558;4;2013-12-02;7;2;2013-12-22;293092;1
559;7;2013-12-02;2;2;2013-12-22;BC0280982;1
560;4;2013-12-03;7;2;2013-12-23;293092;1
561;7;2013-12-03;2;2;2013-12-23;BC0280982;1
562;4;2013-12-04;7;2;2013-12-24;293092;1
563;7;2013-12-04;2;2;2013-12-24;BC0280982;1
564;4;2013-12-05;7;2;2013-12-25;293092;1
565;7;2013-12-05;2;2;2013-12-25;BC0280982;1
566;4;2013-12-06;7;2;2013-12-26;293092;1
567;7;2013-12-06;2;2;2013-12-26;BC0280982;1
568;4;2013-12-09;7;2;2013-12-29;293092;1
569;7;2013-12-09;2;2;2013-12-29;BC0280982;1
570;4;2013-12-10;7;2;2013-12-30;293092;1
571;7;2013-12-10;2;2;2013-12-30;BC0280982;1
572;4;2013-12-11;7;2;2013-12-31;293092;1
573;7;2013-12-11;2;2;2013-12-31;BC0280982;1
574;4;2013-12-12;7;2;2014-01-01;293092;1
575;7;2013-12-12;2;2;2014-01-01;BC0280982;1
576;4;2013-12-13;7;2;2014-01-02;293092;1
577;7;2013-12-13;2;2;2014-01-02;BC0280982;1
578;4;2013-12-14;7;2;2013-12-21;293092;1
579;4;2013-12-16;7;2;2014-01-05;293092;1
580;7;2013-12-16;2;2;2014-01-05;BC0280982;1
581;4;2013-12-17;7;2;2014-01-06;293092;1
582;7;2013-12-17;2;2;2014-01-06;BC0280982;1
583;4;2013-12-18;7;2;2014-01-07;293092;1
584;7;2013-12-18;2;2;2014-01-07;BC0280982;1
585;4;2013-12-19;7;2;2014-01-08;293092;1
586;7;2013-12-19;2;2;2014-01-08;BC0280982;1
587;4;2013-12-20;7;2;2014-01-09;293092;1
588;7;2013-12-20;2;2;2014-01-09;BC0280982;1
589;4;2013-12-21;7;2;2014-01-10;293092;1
590;7;2013-12-21;2;2;2014-01-10;BC0280982;1
591;4;2013-12-23;7;2;2014-01-12;293092;1
592;7;2013-12-23;2;2;2014-01-12;BC0280982;1
593;4;2013-12-24;7;2;2014-01-13;293092;1
594;7;2013-12-24;2;2;2014-01-13;BC0280982;1
595;4;2013-12-25;7;2;2014-01-14;293092;1
596;7;2013-12-25;2;2;2014-01-14;BC0280982;1
597;4;2013-12-26;7;2;2014-01-15;293092;1
598;7;2013-12-26;2;2;2014-01-15;BC0280982;1
599;4;2013-12-27;7;2;2014-01-16;293092;1
600;7;2013-12-27;2;2;2014-01-16;BC0280982;1
601;4;2013-12-28;7;2;2014-01-04;293092;1
602;4;2013-12-30;7;2;2014-01-19;293092;1
603;7;2013-12-30;2;2;2014-01-19;BC0280982;1
604;4;2013-12-31;7;2;2014-01-20;293092;1
605;7;2013-12-31;2;2;2014-01-20;BC0280982;1
606;4;2014-01-01;7;2;2014-01-21;293092;1
607;7;2014-01-01;2;2;2014-01-21;BC0280982;1
608;4;2014-01-02;7;2;2014-01-22;293092;1
609;7;2014-01-02;2;2;2014-01-22;BC0280982;1
610;4;2014-01-03;7;2;2014-01-23;293092;1
611;7;2014-01-03;2;2;2014-01-23;BC0280982;1
612;4;2014-01-04;7;2;2014-01-11;293092;1
613;4;2014-01-06;7;2;2014-01-26;293092;1
614;7;2014-01-06;2;2;2014-01-26;BC0280982;1
615;4;2014-01-07;7;2;2014-01-27;293092;1
616;7;2014-01-07;2;2;2014-01-27;BC0280982;1
617;4;2014-01-08;7;2;2014-01-28;293092;1
618;7;2014-01-08;2;2;2014-01-28;BC0280982;1
619;4;2014-01-09;7;2;2014-01-29;293092;1
620;7;2014-01-09;2;2;2014-01-29;BC0280982;1
621;4;2014-01-10;7;2;2014-01-30;293092;1
622;7;2014-01-10;2;2;2014-01-30;BC0280982;1
623;4;2014-01-11;7;2;2014-01-18;293092;1
624;4;2014-01-13;7;2;2014-02-02;293092;1
625;7;2014-01-13;2;2;2014-02-02;BC0280982;1
626;4;2014-01-14;7;2;2014-02-03;293092;1
627;7;2014-01-14;2;2;2014-02-03;BC0280982;1
628;4;2014-01-15;7;2;2014-02-04;293092;1
629;7;2014-01-15;2;2;2014-02-04;BC0280982;1
630;4;2014-01-16;7;2;2014-02-05;293092;1
631;7;2014-01-16;2;2;2014-02-05;BC0280982;1
632;4;2014-01-17;7;2;2014-02-06;293092;1
633;7;2014-01-17;2;2;2014-02-06;BC0280982;1
634;4;2014-01-18;7;2;2014-02-07;293092;1
635;7;2014-01-18;2;2;2014-02-07;BC0280982;1
636;4;2014-01-20;7;2;2014-02-09;293092;1
637;7;2014-01-20;2;2;2014-02-09;BC0280982;1
638;4;2014-01-21;7;2;2014-02-10;293092;1
639;7;2014-01-21;2;2;2014-02-10;BC0280982;1
640;4;2014-01-22;7;2;2014-02-11;293092;1
641;7;2014-01-22;2;2;2014-02-11;BC0280982;1
642;4;2014-01-23;7;2;2014-02-12;293092;1
643;7;2014-01-23;2;2;2014-02-12;BC0280982;1
644;4;2014-01-24;7;2;2014-02-13;293092;1
645;7;2014-01-24;2;2;2014-02-13;BC0280982;1
646;7;2014-01-25;2;2;2014-02-14;BC0280982;1
647;4;2014-01-27;7;2;2014-02-16;293092;1
648;7;2014-01-27;2;2;2014-02-16;BC0280982;1
649;4;2014-01-28;7;2;2014-02-17;293092;1
650;7;2014-01-28;2;2;2014-02-17;BC0280982;1
651;4;2014-01-29;7;2;2014-02-18;293092;1
652;7;2014-01-29;2;2;2014-02-18;BC0280982;1
653;4;2014-01-30;7;2;2014-02-19;293092;1
654;7;2014-01-30;2;2;2014-02-19;BC0280982;1
655;4;2014-01-31;7;2;2014-02-20;293092;1
656;7;2014-01-31;2;2;2014-02-20;BC0280982;1
657;4;2014-02-01;7;2;2014-02-15;293092;1
658;7;2014-02-01;2;2;2014-02-15;BC0280982;1
659;4;2014-02-03;7;2;2014-02-23;293092;1
660;7;2014-02-03;2;2;2014-02-23;BC0280982;1
661;4;2014-02-04;7;2;2014-02-24;293092;1
662;7;2014-02-04;2;2;2014-02-24;BC0280982;1
663;4;2014-02-05;7;2;2014-02-25;293092;1
664;7;2014-02-05;2;2;2014-02-25;BC0280982;1
665;4;2014-02-06;7;2;2014-02-26;293092;1
666;7;2014-02-06;2;2;2014-02-26;BC0280982;1
667;4;2014-02-07;7;2;2014-02-27;293092;1
668;7;2014-02-07;2;2;2014-02-27;BC0280982;1
669;4;2014-02-08;7;2;2014-02-28;293092;1
670;7;2014-02-08;2;2;2014-02-28;BC0280982;1
671;4;2014-02-10;7;2;2014-03-02;293092;1
672;7;2014-02-10;2;2;2014-03-02;BC0280982;1
673;4;2014-02-11;7;2;2014-03-03;293092;1
674;7;2014-02-11;2;2;2014-03-03;BC0280982;1
675;4;2014-02-12;7;2;2014-03-04;293092;1
676;7;2014-02-12;2;2;2014-03-04;BC0280982;1
677;4;2014-02-13;7;2;2014-03-05;293092;1
678;7;2014-02-13;2;2;2014-03-05;BC0280982;1
679;4;2014-02-14;7;2;2014-03-06;293092;1
680;7;2014-02-14;2;2;2014-03-06;BC0280982;1
681;4;2014-02-15;7;2;2014-02-22;293092;1
682;4;2014-02-17;7;2;2014-03-09;293092;1
683;7;2014-02-17;2;2;2014-03-09;BC0280982;1
684;4;2014-02-18;7;2;2014-03-10;293092;1
685;7;2014-02-18;2;2;2014-03-10;BC0280982;1
686;4;2014-02-19;7;2;2014-03-11;293092;1
687;7;2014-02-19;2;2;2014-03-11;BC0280982;1
688;4;2014-02-20;7;2;2014-03-12;293092;1
689;7;2014-02-20;2;2;2014-03-12;BC0280982;1
690;4;2014-02-21;7;2;2014-03-13;293092;1
691;7;2014-02-21;2;2;2014-03-13;BC0280982;1
692;4;2014-02-22;7;2;2014-03-14;293092;1
693;7;2014-02-22;2;2;2014-03-14;BC0280982;1
694;4;2014-02-24;7;2;2014-03-16;293092;1
695;7;2014-02-24;2;2;2014-03-16;BC0280982;1
696;4;2014-02-25;7;2;2014-03-17;293092;1
697;7;2014-02-25;2;2;2014-03-17;BC0280982;1
698;4;2014-02-26;7;2;2014-03-18;293092;1
699;7;2014-02-26;2;2;2014-03-18;BC0280982;1
700;4;2014-02-27;7;2;2014-03-19;293092;1
701;7;2014-02-27;2;2;2014-03-19;BC0280982;1
702;4;2014-02-28;7;2;2014-03-20;293092;1
703;7;2014-02-28;2;2;2014-03-20;BC0280982;1
704;4;2014-03-01;7;2;2014-03-21;293092;1
705;7;2014-03-01;2;2;2014-03-21;BC0280982;1
706;4;2014-03-03;7;2;2014-03-23;293092;1
707;7;2014-03-03;2;2;2014-03-23;BC0280982;1
708;4;2014-03-04;7;2;2014-03-24;293092;1
709;7;2014-03-04;2;2;2014-03-24;BC0280982;1
710;4;2014-03-05;7;2;2014-03-25;293092;1
711;7;2014-03-05;2;2;2014-03-25;BC0280982;1
712;4;2014-03-06;7;2;2014-03-26;293092;1
713;7;2014-03-06;2;2;2014-03-26;BC0280982;1
714;4;2014-03-07;7;2;2014-03-27;293092;1
715;7;2014-03-07;2;2;2014-03-27;BC0280982;1
716;4;2014-03-08;7;2;2014-03-15;293092;1
717;4;2014-03-10;7;2;2014-03-30;293092;1
718;7;2014-03-10;2;2;2014-03-30;BC0280982;1
719;4;2014-03-11;7;2;2014-03-31;293092;1
720;7;2014-03-11;2;2;2014-03-31;BC0280982;1
721;4;2014-03-12;7;2;2014-04-01;293092;1
722;7;2014-03-12;2;2;2014-04-01;BC0280982;1
723;4;2014-03-13;7;2;2014-04-02;293092;1
724;7;2014-03-13;2;2;2014-04-02;BC0280982;1
725;4;2014-03-14;7;2;2014-04-03;293092;1
726;7;2014-03-14;2;2;2014-04-03;BC0280982;1
727;4;2014-03-15;7;2;2014-04-04;293092;1
728;7;2014-03-15;2;2;2014-04-04;BC0280982;1
729;4;2014-03-17;7;2;2014-04-06;293092;1
730;7;2014-03-17;2;2;2014-04-06;BC0280982;1
731;4;2014-03-18;7;2;2014-04-07;293092;1
732;7;2014-03-18;2;2;2014-04-07;BC0280982;1
733;4;2014-03-19;7;2;2014-04-08;293092;1
734;7;2014-03-19;2;2;2014-04-08;BC0280982;1
735;4;2014-03-20;7;2;2014-04-09;293092;1
736;7;2014-03-20;2;2;2014-04-09;BC0280982;1
737;4;2014-03-21;7;2;2014-04-10;293092;1
738;7;2014-03-21;2;2;2014-04-10;BC0280982;1
739;4;2014-03-22;7;2;2014-04-05;293092;1
740;7;2014-03-22;2;2;2014-04-05;BC0280982;1
741;4;2014-03-24;7;2;2014-04-13;293092;1
742;7;2014-03-24;2;2;2014-04-13;BC0280982;1
743;4;2014-03-25;7;2;2014-04-14;293092;1
744;7;2014-03-25;2;2;2014-04-14;BC0280982;1
745;4;2014-03-26;7;2;2014-04-15;293092;1
746;7;2014-03-26;2;2;2014-04-15;BC0280982;1
747;4;2014-03-27;7;2;2014-04-16;293092;1
748;7;2014-03-27;2;2;2014-04-16;BC0280982;1
749;4;2014-03-28;7;2;2014-04-17;293092;1
750;7;2014-03-28;2;2;2014-04-17;BC0280982;1
751;4;2014-03-29;7;2;2014-04-05;293092;1
752;4;2014-03-31;7;2;2014-04-20;293092;1
753;7;2014-03-31;2;2;2014-04-20;BC0280982;1
754;4;2014-04-01;7;2;2014-04-21;293092;1
755;7;2014-04-01;2;2;2014-04-21;BC0280982;1
756;4;2014-04-02;7;2;2014-04-22;293092;1
757;7;2014-04-02;2;2;2014-04-22;BC0280982;1
758;4;2014-04-03;7;2;2014-04-23;293092;1
759;7;2014-04-03;2;2;2014-04-23;BC0280982;1
760;4;2014-04-04;7;2;2014-04-24;293092;1
761;7;2014-04-04;2;2;2014-04-24;BC0280982;1
762;4;2014-04-05;7;2;2014-04-25;293092;1
763;7;2014-04-05;2;2;2014-04-25;BC0280982;1
764;4;2014-04-07;7;2;2014-04-27;293092;1
765;7;2014-04-07;2;2;2014-04-27;BC0280982;1
766;4;2014-04-08;7;2;2014-04-28;293092;1
767;7;2014-04-08;2;2;2014-04-28;BC0280982;1
768;4;2014-04-09;7;2;2014-04-29;293092;1
769;7;2014-04-09;2;2;2014-04-29;BC0280982;1
770;4;2014-04-10;7;2;2014-04-30;293092;1
771;7;2014-04-10;2;2;2014-04-30;BC0280982;1
772;4;2014-04-11;7;2;2014-05-01;293092;1
773;7;2014-04-11;2;2;2014-05-01;BC0280982;1
774;4;2014-04-12;7;2;2014-04-26;293092;1
775;7;2014-04-12;2;2;2014-04-26;BC0280982;1
776;4;2014-04-14;7;2;2014-05-04;293092;1
777;7;2014-04-14;2;2;2014-05-04;BC0280982;1
778;4;2014-04-15;7;2;2014-05-05;293092;1
779;7;2014-04-15;2;2;2014-05-05;BC0280982;1
780;4;2014-04-16;7;2;2014-05-06;293092;1
781;7;2014-04-16;2;2;2014-05-06;BC0280982;1
782;4;2014-04-17;7;2;2014-05-07;293092;1
783;7;2014-04-17;2;2;2014-05-07;BC0280982;1
784;4;2014-04-18;7;2;2014-05-08;293092;1
785;7;2014-04-18;2;2;2014-05-08;BC0280982;1
786;4;2014-04-19;7;2;2014-04-26;293092;1
787;4;2014-04-21;7;2;2014-05-11;293092;1
788;7;2014-04-21;2;2;2014-05-11;BC0280982;1
789;4;2014-04-22;7;2;2014-05-12;293092;1
790;7;2014-04-22;2;2;2014-05-12;BC0280982;1
791;4;2014-04-23;7;2;2014-05-13;293092;1
792;7;2014-04-23;2;2;2014-05-13;BC0280982;1
793;4;2014-04-24;7;2;2014-05-14;293092;1
794;7;2014-04-24;2;2;2014-05-14;BC0280982;1
795;4;2014-04-25;7;2;2014-05-15;293092;1
796;7;2014-04-25;2;2;2014-05-15;BC0280982;1
797;4;2014-04-26;7;2;2014-05-16;293092;1
798;7;2014-04-26;2;2;2014-05-16;BC0280982;1
799;4;2014-04-28;7;2;2014-05-18;293092;1
800;7;2014-04-28;2;2;2014-05-18;BC0280982;1
801;4;2014-04-29;7;2;2014-05-19;293092;1
802;7;2014-04-29;2;2;2014-05-19;BC0280982;1
803;4;2014-04-30;7;2;2014-05-20;293092;1
804;7;2014-04-30;2;2;2014-05-20;BC0280982;1
805;4;2014-05-01;7;2;2014-05-21;293092;1
806;7;2014-05-01;2;2;2014-05-21;BC0280982;1
807;4;2014-05-02;7;2;2014-05-22;293092;1
808;7;2014-05-02;2;2;2014-05-22;BC0280982;1
809;4;2014-05-03;7;2;2014-05-23;293092;1
810;7;2014-05-03;2;2;2014-05-23;BC0280982;1
811;4;2014-05-05;7;2;2014-05-25;293092;1
812;7;2014-05-05;2;2;2014-05-25;BC0280982;1
813;4;2014-05-06;7;2;2014-05-26;293092;1
814;7;2014-05-06;2;2;2014-05-26;BC0280982;1
815;4;2014-05-07;7;2;2014-05-27;293092;1
816;7;2014-05-07;2;2;2014-05-27;BC0280982;1
817;4;2014-05-08;7;2;2014-05-28;293092;1
818;7;2014-05-08;2;2;2014-05-28;BC0280982;1
819;4;2014-05-09;7;2;2014-05-29;293092;1
820;7;2014-05-09;2;2;2014-05-29;BC0280982;1
821;4;2014-05-12;7;2;2014-06-01;293092;1
822;7;2014-05-12;2;2;2014-06-01;BC0280982;1
823;4;2014-05-13;7;2;2014-06-02;293092;1
824;7;2014-05-13;2;2;2014-06-02;BC0280982;1
825;4;2014-05-14;7;2;2014-06-03;293092;1
826;7;2014-05-14;2;2;2014-06-03;BC0280982;1
827;4;2014-05-15;7;2;2014-06-04;293092;1
828;7;2014-05-15;2;2;2014-06-04;BC0280982;1
829;4;2014-05-16;7;2;2014-06-05;293092;1
830;7;2014-05-16;2;2;2014-06-05;BC0280982;1
831;4;2014-05-17;7;2;2014-05-31;293092;1
832;7;2014-05-17;2;2;2014-05-31;BC0280982;1
833;4;2014-05-19;7;2;2014-06-08;293092;1
834;7;2014-05-19;2;2;2014-06-08;BC0280982;1
835;4;2014-05-20;7;2;2014-06-09;293092;1
836;7;2014-05-20;2;2;2014-06-09;BC0280982;1
837;4;2014-05-21;7;2;2014-06-10;293092;1
838;7;2014-05-21;2;2;2014-06-10;BC0280982;1
839;4;2014-05-22;7;2;2014-06-11;293092;1
840;7;2014-05-22;2;2;2014-06-11;BC0280982;1
841;4;2014-05-23;7;2;2014-06-12;293092;1
842;7;2014-05-23;2;2;2014-06-12;BC0280982;1
843;4;2014-05-24;7;2;2014-05-31;293092;1
844;4;2014-05-26;7;2;2014-06-15;293092;1
845;7;2014-05-26;2;2;2014-06-15;BC0280982;1
846;4;2014-05-27;7;2;2014-06-16;293092;1
847;7;2014-05-27;2;2;2014-06-16;BC0280982;1
848;4;2014-05-28;7;2;2014-06-17;293092;1
849;7;2014-05-28;2;2;2014-06-17;BC0280982;1
850;4;2014-05-29;7;2;2014-06-18;293092;1
851;7;2014-05-29;2;2;2014-06-18;BC0280982;1
852;4;2014-05-30;7;2;2014-06-19;293092;1
853;7;2014-05-30;2;2;2014-06-19;BC0280982;1
854;4;2014-05-31;7;2;2014-06-14;293092;1
855;7;2014-05-31;2;2;2014-06-14;BC0280982;1
856;4;2014-06-02;7;2;2014-06-22;293092;1
857;7;2014-06-02;2;2;2014-06-22;BC0280982;1
858;4;2014-06-03;7;2;2014-06-23;293092;1
859;7;2014-06-03;2;2;2014-06-23;BC0280982;1
860;4;2014-06-04;7;2;2014-06-24;293092;1
861;7;2014-06-04;2;2;2014-06-24;BC0280982;1
862;4;2014-06-05;7;2;2014-06-25;293092;1
863;7;2014-06-05;2;2;2014-06-25;BC0280982;1
864;4;2014-06-06;7;2;2014-06-26;293092;1
865;7;2014-06-06;2;2;2014-06-26;BC0280982;1
866;4;2014-06-07;7;2;2014-06-14;293092;1
867;4;2014-06-09;7;2;2014-06-29;293092;1
868;7;2014-06-09;2;2;2014-06-29;BC0280982;1
869;4;2014-06-10;7;2;2014-06-30;293092;1
870;7;2014-06-10;2;2;2014-06-30;BC0280982;1
871;4;2014-06-11;7;2;2014-07-01;293092;1
872;7;2014-06-11;2;2;2014-07-01;BC0280982;1
873;4;2014-06-12;7;2;2014-07-02;293092;1
874;7;2014-06-12;2;2;2014-07-02;BC0280982;1
875;4;2014-06-13;7;2;2014-07-03;293092;1
876;7;2014-06-13;2;2;2014-07-03;BC0280982;1
877;4;2014-06-14;7;2;2014-07-04;293092;1
878;7;2014-06-14;2;2;2014-07-04;BC0280982;1
879;4;2014-06-16;7;2;2014-07-06;293092;1
880;7;2014-06-16;2;2;2014-07-06;BC0280982;1
881;4;2014-06-17;7;2;2014-07-07;293092;1
882;7;2014-06-17;2;2;2014-07-07;BC0280982;1
883;4;2014-06-18;7;2;2014-07-08;293092;1
884;7;2014-06-18;2;2;2014-07-08;BC0280982;1
885;4;2014-06-19;7;2;2014-07-09;293092;1
886;7;2014-06-19;2;2;2014-07-09;BC0280982;1
887;4;2014-06-20;7;2;2014-07-10;293092;1
888;7;2014-06-20;2;2;2014-07-10;BC0280982;1
889;7;2014-06-21;2;2;2014-07-05;BC0280982;1
890;4;2014-06-23;7;2;2014-07-13;293092;1
891;7;2014-06-23;2;2;2014-07-13;BC0280982;1
892;4;2014-06-24;7;2;2014-07-14;293092;1
893;7;2014-06-24;2;2;2014-07-14;BC0280982;1
894;4;2014-06-25;7;2;2014-07-15;293092;1
895;7;2014-06-25;2;2;2014-07-15;BC0280982;1
896;4;2014-06-26;7;2;2014-07-16;293092;1
897;7;2014-06-26;2;2;2014-07-16;BC0280982;1
898;4;2014-06-27;7;2;2014-07-17;293092;1
899;7;2014-06-27;2;2;2014-07-17;BC0280982;1
900;4;2014-06-28;7;2;2014-07-05;293092;1
901;4;2014-06-30;7;2;2014-07-20;293092;1
902;7;2014-06-30;2;2;2014-07-20;BC0280982;1
903;4;2014-07-01;7;2;2014-07-21;293092;1
904;7;2014-07-01;2;2;2014-07-21;BC0280982;1
905;4;2014-07-02;7;2;2014-07-22;293092;1
906;7;2014-07-02;2;2;2014-07-22;BC0280982;1
907;4;2014-07-03;7;2;2014-07-23;293092;1
908;7;2014-07-03;2;2;2014-07-23;BC0280982;1
909;4;2014-07-04;7;2;2014-07-24;293092;1
910;7;2014-07-04;2;2;2014-07-24;BC0280982;1
911;4;2014-07-05;7;2;2014-07-12;293092;1
912;4;2014-07-07;7;2;2014-07-27;293092;1
913;7;2014-07-07;2;2;2014-07-27;BC0280982;1
914;4;2014-07-08;7;2;2014-07-28;293092;1
915;7;2014-07-08;2;2;2014-07-28;BC0280982;1
916;4;2014-07-09;7;2;2014-07-29;293092;1
917;7;2014-07-09;2;2;2014-07-29;BC0280982;1
918;4;2014-07-10;7;2;2014-07-30;293092;1
919;7;2014-07-10;2;2;2014-07-30;BC0280982;1
920;4;2014-07-11;7;2;2014-07-31;293092;1
921;7;2014-07-11;2;2;2014-07-31;BC0280982;1
922;4;2014-07-12;7;2;2014-07-19;293092;1
923;4;2014-07-14;7;2;2014-08-03;293092;1
924;7;2014-07-14;2;2;2014-08-03;BC0280982;1
925;4;2014-07-15;7;2;2014-08-04;293092;1
926;7;2014-07-15;2;2;2014-08-04;BC0280982;1
927;4;2014-07-16;7;2;2014-08-05;293092;1
928;7;2014-07-16;2;2;2014-08-05;BC0280982;1
929;4;2014-07-17;7;2;2014-08-06;293092;1
930;7;2014-07-17;2;2;2014-08-06;BC0280982;1
931;4;2014-07-18;7;2;2014-08-07;293092;1
932;7;2014-07-18;2;2;2014-08-07;BC0280982;1
933;4;2014-07-19;7;2;2014-07-26;293092;1
934;4;2014-07-21;7;2;2014-08-10;293092;1
935;7;2014-07-21;2;2;2014-08-10;BC0280982;1
936;4;2014-07-22;7;2;2014-08-11;293092;1
937;7;2014-07-22;2;2;2014-08-11;BC0280982;1
938;4;2014-07-23;7;2;2014-08-12;293092;1
939;7;2014-07-23;2;2;2014-08-12;BC0280982;1
940;4;2014-07-24;7;2;2014-08-13;293092;1
941;7;2014-07-24;2;2;2014-08-13;BC0280982;1
942;4;2014-07-25;7;2;2014-08-14;293092;1
943;7;2014-07-25;2;2;2014-08-14;BC0280982;1
944;4;2014-07-26;7;2;2014-08-09;293092;1
945;7;2014-07-26;2;2;2014-08-09;BC0280982;1
946;4;2014-07-28;7;2;2014-08-17;293092;1
947;7;2014-07-28;2;2;2014-08-17;BC0280982;1
948;4;2014-07-29;7;2;2014-08-18;293092;1
949;7;2014-07-29;2;2;2014-08-18;BC0280982;1
950;4;2014-07-30;7;2;2014-08-19;293092;1
951;7;2014-07-30;2;2;2014-08-19;BC0280982;1
952;4;2014-07-31;7;2;2014-08-20;293092;1
953;7;2014-07-31;2;2;2014-08-20;BC0280982;1
954;4;2014-08-01;7;2;2014-08-21;293092;1
955;7;2014-08-01;2;2;2014-08-21;BC0280982;1
956;4;2014-08-04;7;2;2014-08-24;293092;1
957;7;2014-08-04;2;2;2014-08-24;BC0280982;1
958;4;2014-08-05;7;2;2014-08-25;293092;1
959;7;2014-08-05;2;2;2014-08-25;BC0280982;1
960;4;2014-08-06;7;2;2014-08-26;293092;1
961;7;2014-08-06;2;2;2014-08-26;BC0280982;1
962;4;2014-08-07;7;2;2014-08-27;293092;1
963;7;2014-08-07;2;2;2014-08-27;BC0280982;1
964;4;2014-08-08;7;2;2014-08-28;293092;1
965;7;2014-08-08;2;2;2014-08-28;BC0280982;1
966;4;2014-08-09;7;2;2014-08-29;293092;1
967;7;2014-08-09;2;2;2014-08-29;BC0280982;1
968;4;2014-08-11;7;2;2014-08-31;293092;1
969;7;2014-08-11;2;2;2014-08-31;BC0280982;1
970;4;2014-08-12;7;2;2014-09-01;293092;1
971;7;2014-08-12;2;2;2014-09-01;BC0280982;1
972;4;2014-08-13;7;2;2014-09-02;293092;1
973;7;2014-08-13;2;2;2014-09-02;BC0280982;1
974;4;2014-08-14;7;2;2014-09-03;293092;1
975;7;2014-08-14;2;2;2014-09-03;BC0280982;1
976;4;2014-08-15;7;2;2014-09-04;293092;1
977;7;2014-08-15;2;2;2014-09-04;BC0280982;1
978;4;2014-08-16;7;2;2014-08-30;293092;1
979;7;2014-08-16;2;2;2014-08-30;BC0280982;1
980;4;2014-08-18;7;2;2014-09-07;293092;1
981;7;2014-08-18;2;2;2014-09-07;BC0280982;1
982;4;2014-08-19;7;2;2014-09-08;293092;1
983;7;2014-08-19;2;2;2014-09-08;BC0280982;1
984;4;2014-08-20;7;2;2014-09-09;293092;1
985;7;2014-08-20;2;2;2014-09-09;BC0280982;1
986;4;2014-08-21;7;2;2014-09-10;293092;1
987;7;2014-08-21;2;2;2014-09-10;BC0280982;1
988;4;2014-08-22;7;2;2014-09-11;293092;1
989;7;2014-08-22;2;2;2014-09-11;BC0280982;1
990;4;2014-08-23;7;2;2014-09-12;293092;1
991;7;2014-08-23;2;2;2014-09-12;BC0280982;1
992;4;2014-08-25;7;2;2014-09-14;293092;1
993;7;2014-08-25;2;2;2014-09-14;BC0280982;1
994;4;2014-08-26;7;2;2014-09-15;293092;1
995;7;2014-08-26;2;2;2014-09-15;BC0280982;1
996;4;2014-08-27;7;2;2014-09-16;293092;1
997;7;2014-08-27;2;2;2014-09-16;BC0280982;1
998;4;2014-08-28;7;2;2014-09-17;293092;1
999;7;2014-08-28;2;2;2014-09-17;BC0280982;1
1000;4;2014-08-29;7;2;2014-09-18;293092;1
1001;7;2014-08-29;2;2;2014-09-18;BC0280982;1
1002;4;2014-08-30;7;2;2014-09-06;293092;1
1003;4;2014-09-01;7;2;2014-09-21;293092;1
1004;7;2014-09-01;2;2;2014-09-21;BC0280982;1
1005;4;2014-09-02;7;2;2014-09-22;293092;1
1006;7;2014-09-02;2;2;2014-09-22;BC0280982;1
1007;4;2014-09-03;7;2;2014-09-23;293092;1
1008;7;2014-09-03;2;2;2014-09-23;BC0280982;1
1009;4;2014-09-04;7;2;2014-09-24;293092;1
1010;7;2014-09-04;2;2;2014-09-24;BC0280982;1
1011;4;2014-09-05;7;2;2014-09-25;293092;1
1012;7;2014-09-05;2;2;2014-09-25;BC0280982;1
1013;4;2014-09-06;7;2;2014-09-13;293092;1
1014;4;2014-09-08;7;2;2014-09-28;293092;1
1015;7;2014-09-08;2;2;2014-09-28;BC0280982;1
1016;4;2014-09-09;7;2;2014-09-29;293092;1
1017;7;2014-09-09;2;2;2014-09-29;BC0280982;1
1018;4;2014-09-10;7;2;2014-09-30;293092;1
1019;7;2014-09-10;2;2;2014-09-30;BC0280982;1
1020;4;2014-09-11;7;2;2014-10-01;293092;1
1021;7;2014-09-11;2;2;2014-10-01;BC0280982;1
1022;4;2014-09-12;7;2;2014-10-02;293092;1
1023;7;2014-09-12;2;2;2014-10-02;BC0280982;1
1024;4;2014-09-13;7;2;2014-10-03;293092;1
1025;7;2014-09-13;2;2;2014-10-03;BC0280982;1
1026;4;2014-09-15;7;2;2014-10-05;293092;1
1027;7;2014-09-15;2;2;2014-10-05;BC0280982;1
1028;4;2014-09-16;7;2;2014-10-06;293092;1
1029;7;2014-09-16;2;2;2014-10-06;BC0280982;1
1030;4;2014-09-17;7;2;2014-10-07;293092;1
1031;7;2014-09-17;2;2;2014-10-07;BC0280982;1
1032;4;2014-09-18;7;2;2014-10-08;293092;1
1033;7;2014-09-18;2;2;2014-10-08;BC0280982;1
1034;4;2014-09-19;7;2;2014-10-09;293092;1
1035;7;2014-09-19;2;2;2014-10-09;BC0280982;1
1036;4;2014-09-20;7;2;2014-09-27;293092;1
1037;4;2014-09-22;7;2;2014-10-12;293092;1
1038;7;2014-09-22;2;2;2014-10-12;BC0280982;1
1039;4;2014-09-23;7;2;2014-10-13;293092;1
1040;7;2014-09-23;2;2;2014-10-13;BC0280982;1
1041;4;2014-09-24;7;2;2014-10-14;293092;1
1042;7;2014-09-24;2;2;2014-10-14;BC0280982;1
1043;4;2014-09-25;7;2;2014-10-15;293092;1
1044;7;2014-09-25;2;2;2014-10-15;BC0280982;1
1045;4;2014-09-26;7;2;2014-10-16;293092;1
1046;7;2014-09-26;2;2;2014-10-16;BC0280982;1
1047;4;2014-09-27;7;2;2014-10-11;293092;1
1048;7;2014-09-27;2;2;2014-10-11;BC0280982;1
1049;4;2014-09-29;7;2;2014-10-19;293092;1
1050;7;2014-09-29;2;2;2014-10-19;BC0280982;1
1051;4;2014-09-30;7;2;2014-10-20;293092;1
1052;7;2014-09-30;2;2;2014-10-20;BC0280982;1
1053;4;2014-10-01;7;2;2014-10-21;293092;1
1054;7;2014-10-01;2;2;2014-10-21;BC0280982;1
1055;4;2014-10-02;7;2;2014-10-22;293092;1
1056;7;2014-10-02;2;2;2014-10-22;BC0280982;1
1057;4;2014-10-03;7;2;2014-10-23;293092;1
1058;7;2014-10-03;2;2;2014-10-23;BC0280982;1
1059;4;2014-10-04;7;2;2014-10-24;293092;1
1060;7;2014-10-04;2;2;2014-10-24;BC0280982;1
1061;4;2014-10-06;7;2;2014-10-26;293092;1
1062;7;2014-10-06;2;2;2014-10-26;BC0280982;1
1063;4;2014-10-07;7;2;2014-10-27;293092;1
1064;7;2014-10-07;2;2;2014-10-27;BC0280982;1
1065;4;2014-10-08;7;2;2014-10-28;293092;1
1066;7;2014-10-08;2;2;2014-10-28;BC0280982;1
1067;4;2014-10-09;7;2;2014-10-29;293092;1
1068;7;2014-10-09;2;2;2014-10-29;BC0280982;1
1069;4;2014-10-10;7;2;2014-10-30;293092;1
1070;7;2014-10-10;2;2;2014-10-30;BC0280982;1
1071;4;2014-10-11;7;2;2014-10-25;293092;1
1072;7;2014-10-11;2;2;2014-10-25;BC0280982;1
1073;4;2014-10-13;7;2;2014-11-02;293092;1
1074;7;2014-10-13;2;2;2014-11-02;BC0280982;1
1075;4;2014-10-14;7;2;2014-11-03;293092;1
1076;7;2014-10-14;2;2;2014-11-03;BC0280982;1
1077;4;2014-10-15;7;2;2014-11-04;293092;1
1078;7;2014-10-15;2;2;2014-11-04;BC0280982;1
1079;4;2014-10-16;7;2;2014-11-05;293092;1
1080;7;2014-10-16;2;2;2014-11-05;BC0280982;1
1081;4;2014-10-17;7;2;2014-11-06;293092;1
1082;7;2014-10-17;2;2;2014-11-06;BC0280982;1
1083;4;2014-10-18;7;2;2014-11-07;293092;1
1084;7;2014-10-18;2;2;2014-11-07;BC0280982;1
1085;4;2014-10-20;7;2;2014-11-09;293092;1
1086;7;2014-10-20;2;2;2014-11-09;BC0280982;1
1087;4;2014-10-21;7;2;2014-11-10;293092;1
1088;7;2014-10-21;2;2;2014-11-10;BC0280982;1
1089;4;2014-10-22;7;2;2014-11-11;293092;1
1090;7;2014-10-22;2;2;2014-11-11;BC0280982;1
1091;4;2014-10-23;7;2;2014-11-12;293092;1
1092;7;2014-10-23;2;2;2014-11-12;BC0280982;1
1093;4;2014-10-24;7;2;2014-11-13;293092;1
1094;7;2014-10-24;2;2;2014-11-13;BC0280982;1
1095;4;2014-10-25;7;2;2014-11-14;293092;1
1096;7;2014-10-25;2;2;2014-11-14;BC0280982;1
1097;4;2014-10-27;7;2;2014-11-16;293092;1
1098;7;2014-10-27;2;2;2014-11-16;BC0280982;1
1099;4;2014-10-28;7;2;2014-11-17;293092;1
1100;7;2014-10-28;2;2;2014-11-17;BC0280982;1
1101;4;2014-10-29;7;2;2014-11-18;293092;1
1102;7;2014-10-29;2;2;2014-11-18;BC0280982;1
1103;4;2014-10-30;7;2;2014-11-19;293092;1
1104;7;2014-10-30;2;2;2014-11-19;BC0280982;1
1105;4;2014-10-31;7;2;2014-11-20;293092;1
1106;7;2014-10-31;2;2;2014-11-20;BC0280982;1
1107;4;2014-11-01;7;2;2014-11-21;293092;1
1108;7;2014-11-01;2;2;2014-11-21;BC0280982;1
1109;4;2014-11-03;7;2;2014-11-23;293092;1
1110;7;2014-11-03;2;2;2014-11-23;BC0280982;1
1111;4;2014-11-04;7;2;2014-11-24;293092;1
1112;7;2014-11-04;2;2;2014-11-24;BC0280982;1
1113;4;2014-11-05;7;2;2014-11-25;293092;1
1114;7;2014-11-05;2;2;2014-11-25;BC0280982;1
1115;4;2014-11-06;7;2;2014-11-26;293092;1
1116;7;2014-11-06;2;2;2014-11-26;BC0280982;1
1117;4;2014-11-07;7;2;2014-11-27;293092;1
1118;7;2014-11-07;2;2;2014-11-27;BC0280982;1
1119;4;2014-11-08;7;2;2014-11-28;293092;1
1120;7;2014-11-08;2;2;2014-11-28;BC0280982;1
1121;4;2014-11-10;7;2;2014-11-30;293092;1
1122;7;2014-11-10;2;2;2014-11-30;BC0280982;1
1123;4;2014-11-11;7;2;2014-12-01;293092;1
1124;7;2014-11-11;2;2;2014-12-01;BC0280982;1
1125;4;2014-11-12;7;2;2014-12-02;293092;1
1126;7;2014-11-12;2;2;2014-12-02;BC0280982;1
1127;4;2014-11-13;7;2;2014-12-03;293092;1
1128;7;2014-11-13;2;2;2014-12-03;BC0280982;1
1129;4;2014-11-14;7;2;2014-12-04;293092;1
1130;7;2014-11-14;2;2;2014-12-04;BC0280982;1
1131;4;2014-11-15;7;2;2014-12-05;293092;1
1132;7;2014-11-15;2;2;2014-12-05;BC0280982;1
1133;4;2014-11-17;7;2;2014-12-07;293092;1
1134;7;2014-11-17;2;2;2014-12-07;BC0280982;1
1135;4;2014-11-18;7;2;2014-12-08;293092;1
1136;7;2014-11-18;2;2;2014-12-08;BC0280982;1
1137;4;2014-11-19;7;2;2014-12-09;293092;1
1138;7;2014-11-19;2;2;2014-12-09;BC0280982;1
1139;4;2014-11-20;7;2;2014-12-10;293092;1
1140;7;2014-11-20;2;2;2014-12-10;BC0280982;1
1141;4;2014-11-21;7;2;2014-12-11;293092;1
1142;7;2014-11-21;2;2;2014-12-11;BC0280982;1
1143;4;2014-11-22;7;2;2014-12-12;293092;1
1144;7;2014-11-22;2;2;2014-12-12;BC0280982;1
1145;4;2014-11-24;7;2;2014-12-14;293092;1
1146;7;2014-11-24;2;2;2014-12-14;BC0280982;1
1147;4;2014-11-25;7;2;2014-12-15;293092;1
1148;7;2014-11-25;2;2;2014-12-15;BC0280982;1
1149;4;2014-11-26;7;2;2014-12-16;293092;1
1150;7;2014-11-26;2;2;2014-12-16;BC0280982;1
1151;4;2014-11-27;7;2;2014-12-17;293092;1
1152;7;2014-11-27;2;2;2014-12-17;BC0280982;1
1153;4;2014-11-28;7;2;2014-12-18;293092;1
1154;7;2014-11-28;2;2;2014-12-18;BC0280982;1
1155;4;2014-11-29;7;2;2014-12-19;293092;1
1156;7;2014-11-29;2;2;2014-12-19;BC0280982;1
1157;4;2014-12-01;7;2;2014-12-21;293092;1
1158;7;2014-12-01;2;2;2014-12-21;BC0280982;1
1159;4;2014-12-02;7;2;2014-12-22;293092;1
1160;7;2014-12-02;2;2;2014-12-22;BC0280982;1
1161;4;2014-12-03;7;2;2014-12-23;293092;1
1162;7;2014-12-03;2;2;2014-12-23;BC0280982;1
1163;4;2014-12-04;7;2;2014-12-24;293092;1
1164;7;2014-12-04;2;2;2014-12-24;BC0280982;1
1165;4;2014-12-05;7;2;2014-12-25;293092;1
1166;7;2014-12-05;2;2;2014-12-25;BC0280982;1
1167;4;2014-12-06;7;2;2014-12-13;293092;1
1168;4;2014-12-08;7;2;2014-12-28;293092;1
1169;7;2014-12-08;2;2;2014-12-28;BC0280982;1
1170;4;2014-12-09;7;2;2014-12-29;293092;1
1171;7;2014-12-09;2;2;2014-12-29;BC0280982;1
1172;4;2014-12-10;7;2;2014-12-30;293092;1
1173;7;2014-12-10;2;2;2014-12-30;BC0280982;1
1174;4;2014-12-11;7;2;2014-12-31;293092;1
1175;7;2014-12-11;2;2;2014-12-31;BC0280982;1
1176;4;2014-12-12;7;2;2015-01-01;293092;1
1177;7;2014-12-12;2;2;2015-01-01;BC0280982;1
1178;4;2014-12-13;7;2;2015-01-02;293092;1
1179;7;2014-12-13;2;2;2015-01-02;BC0280982;1
1180;4;2014-12-15;7;2;2015-01-04;293092;1
1181;7;2014-12-15;2;2;2015-01-04;BC0280982;1
1182;4;2014-12-16;7;2;2015-01-05;293092;1
1183;7;2014-12-16;2;2;2015-01-05;BC0280982;1
1184;4;2014-12-17;7;2;2015-01-06;293092;1
1185;7;2014-12-17;2;2;2015-01-06;BC0280982;1
1186;4;2014-12-18;7;2;2015-01-07;293092;1
1187;7;2014-12-18;2;2;2015-01-07;BC0280982;1
1188;4;2014-12-19;7;2;2015-01-08;293092;1
1189;7;2014-12-19;2;2;2015-01-08;BC0280982;1
1190;4;2014-12-20;7;2;2015-01-09;293092;1
1191;7;2014-12-20;2;2;2015-01-09;BC0280982;1
1192;4;2014-12-22;7;2;2015-01-11;293092;1
1193;7;2014-12-22;2;2;2015-01-11;BC0280982;1
1194;4;2014-12-23;7;2;2015-01-12;293092;1
1195;7;2014-12-23;2;2;2015-01-12;BC0280982;1
1196;4;2014-12-24;7;2;2015-01-13;293092;1
1197;7;2014-12-24;2;2;2015-01-13;BC0280982;1
1198;4;2014-12-25;7;2;2015-01-14;293092;1
1199;7;2014-12-25;2;2;2015-01-14;BC0280982;1
1200;4;2014-12-26;7;2;2015-01-15;293092;1
1201;7;2014-12-26;2;2;2015-01-15;BC0280982;1
1202;4;2014-12-27;7;2;2015-01-10;293092;1
1203;7;2014-12-27;2;2;2015-01-10;BC0280982;1
1204;4;2014-12-29;7;2;2015-01-18;293092;1
1205;7;2014-12-29;2;2;2015-01-18;BC0280982;1
1206;4;2014-12-30;7;2;2015-01-19;293092;1
1207;7;2014-12-30;2;2;2015-01-19;BC0280982;1
1208;4;2014-12-31;7;2;2015-01-20;293092;1
1209;7;2014-12-31;2;2;2015-01-20;BC0280982;1
1210;4;2015-01-01;7;2;2015-01-21;293092;1
1211;7;2015-01-01;2;2;2015-01-21;BC0280982;1
1212;4;2015-01-02;7;2;2015-01-22;293092;1
1213;7;2015-01-02;2;2;2015-01-22;BC0280982;1
1214;4;2015-01-03;7;2;2015-01-10;293092;1
1215;4;2015-01-05;7;2;2015-01-25;293092;1
1216;7;2015-01-05;2;2;2015-01-25;BC0280982;1
1217;4;2015-01-06;7;2;2015-01-26;293092;1
1218;7;2015-01-06;2;2;2015-01-26;BC0280982;1
1219;4;2015-01-07;7;2;2015-01-27;293092;1
1220;7;2015-01-07;2;2;2015-01-27;BC0280982;1
1221;4;2015-01-08;7;2;2015-01-28;293092;1
1222;7;2015-01-08;2;2;2015-01-28;BC0280982;1
1223;4;2015-01-09;7;2;2015-01-29;293092;1
1224;7;2015-01-09;2;2;2015-01-29;BC0280982;1
1225;4;2015-01-10;7;2;2015-01-17;293092;1
1226;4;2015-01-12;7;2;2015-02-01;293092;1
1227;7;2015-01-12;2;2;2015-02-01;BC0280982;1
1228;4;2015-01-13;7;2;2015-02-02;293092;1
1229;7;2015-01-13;2;2;2015-02-02;BC0280982;1
1230;4;2015-01-14;7;2;2015-02-03;293092;1
1231;7;2015-01-14;2;2;2015-02-03;BC0280982;1
1232;4;2015-01-15;7;2;2015-02-04;293092;1
1233;7;2015-01-15;2;2;2015-02-04;BC0280982;1
1234;4;2015-01-16;7;2;2015-02-05;293092;1
1235;7;2015-01-16;2;2;2015-02-05;BC0280982;1
1236;4;2015-01-17;7;2;2015-01-24;293092;1
1237;4;2015-01-19;7;2;2015-02-08;293092;1
1238;7;2015-01-19;2;2;2015-02-08;BC0280982;1
1239;4;2015-01-20;7;2;2015-02-09;293092;1
1240;7;2015-01-20;2;2;2015-02-09;BC0280982;1
1241;4;2015-01-21;7;2;2015-02-10;293092;1
1242;7;2015-01-21;2;2;2015-02-10;BC0280982;1
1243;4;2015-01-22;7;2;2015-02-11;293092;1
1244;7;2015-01-22;2;2;2015-02-11;BC0280982;1
1245;4;2015-01-23;7;2;2015-02-12;293092;1
1246;7;2015-01-23;2;2;2015-02-12;BC0280982;1
1247;4;2015-01-24;7;2;2015-02-13;293092;1
1248;7;2015-01-24;2;2;2015-02-13;BC0280982;1
1249;4;2015-01-26;7;2;2015-02-15;293092;1
1250;7;2015-01-26;2;2;2015-02-15;BC0280982;1
1251;4;2015-01-27;7;2;2015-02-16;293092;1
1252;7;2015-01-27;2;2;2015-02-16;BC0280982;1
1253;4;2015-01-28;7;2;2015-02-17;293092;1
1254;7;2015-01-28;2;2;2015-02-17;BC0280982;1
1255;4;2015-01-29;7;2;2015-02-18;293092;1
1256;7;2015-01-29;2;2;2015-02-18;BC0280982;1
1257;4;2015-01-30;7;2;2015-02-19;293092;1
1258;7;2015-01-30;2;2;2015-02-19;BC0280982;1
1259;4;2015-01-31;7;2;2015-02-20;293092;1
1260;7;2015-01-31;2;2;2015-02-20;BC0280982;1
1261;4;2015-02-02;7;2;2015-02-22;293092;1
1262;7;2015-02-02;2;2;2015-02-22;BC0280982;1
1263;4;2015-02-03;7;2;2015-02-23;293092;1
1264;7;2015-02-03;2;2;2015-02-23;BC0280982;1
1265;4;2015-02-04;7;2;2015-02-24;293092;1
1266;7;2015-02-04;2;2;2015-02-24;BC0280982;1
1267;4;2015-02-05;7;2;2015-02-25;293092;1
1268;7;2015-02-05;2;2;2015-02-25;BC0280982;1
1269;4;2015-02-06;7;2;2015-02-26;293092;1
1270;7;2015-02-06;2;2;2015-02-26;BC0280982;1
1271;7;2015-02-07;2;2;2015-02-27;BC0280982;1
1272;4;2015-02-09;7;2;2015-03-01;293092;1
1273;7;2015-02-09;2;2;2015-03-01;BC0280982;1
1274;4;2015-02-10;7;2;2015-03-02;293092;1
1275;7;2015-02-10;2;2;2015-03-02;BC0280982;1
1276;4;2015-02-11;7;2;2015-03-03;293092;1
1277;7;2015-02-11;2;2;2015-03-03;BC0280982;1
1278;4;2015-02-12;7;2;2015-03-04;293092;1
1279;7;2015-02-12;2;2;2015-03-04;BC0280982;1
1280;4;2015-02-13;7;2;2015-03-05;293092;1
1281;7;2015-02-13;2;2;2015-03-05;BC0280982;1
1282;4;2015-02-14;7;2;2015-03-06;293092;1
1283;7;2015-02-14;2;2;2015-03-06;BC0280982;1
1284;4;2015-02-16;7;2;2015-03-08;293092;1
1285;7;2015-02-16;2;2;2015-03-08;BC0280982;1
1286;4;2015-02-17;7;2;2015-03-09;293092;1
1287;7;2015-02-17;2;2;2015-03-09;BC0280982;1
1288;4;2015-02-18;7;2;2015-03-10;293092;1
1289;7;2015-02-18;2;2;2015-03-10;BC0280982;1
1290;4;2015-02-19;7;2;2015-03-11;293092;1
1291;7;2015-02-19;2;2;2015-03-11;BC0280982;1
1292;4;2015-02-20;7;2;2015-03-12;293092;1
1293;7;2015-02-20;2;2;2015-03-12;BC0280982;1
1294;4;2015-02-21;7;2;2015-02-28;293092;1
1295;4;2015-02-23;7;2;2015-03-15;293092;1
1296;7;2015-02-23;2;2;2015-03-15;BC0280982;1
1297;4;2015-02-24;7;2;2015-03-16;293092;1
1298;7;2015-02-24;2;2;2015-03-16;BC0280982;1
1299;4;2015-02-25;7;2;2015-03-17;293092;1
1300;7;2015-02-25;2;2;2015-03-17;BC0280982;1
1301;4;2015-02-26;7;2;2015-03-18;293092;1
1302;7;2015-02-26;2;2;2015-03-18;BC0280982;1
1303;4;2015-02-27;7;2;2015-03-19;293092;1
1304;7;2015-02-27;2;2;2015-03-19;BC0280982;1
1305;4;2015-02-28;7;2;2015-03-14;293092;1
1306;7;2015-02-28;2;2;2015-03-14;BC0280982;1
1307;4;2015-03-02;7;2;2015-03-22;293092;1
1308;7;2015-03-02;2;2;2015-03-22;BC0280982;1
1309;4;2015-03-03;7;2;2015-03-23;293092;1
1310;7;2015-03-03;2;2;2015-03-23;BC0280982;1
1311;4;2015-03-04;7;2;2015-03-24;293092;1
1312;7;2015-03-04;2;2;2015-03-24;BC0280982;1
1313;4;2015-03-05;7;2;2015-03-25;293092;1
1314;7;2015-03-05;2;2;2015-03-25;BC0280982;1
1315;4;2015-03-06;7;2;2015-03-26;293092;1
1316;7;2015-03-06;2;2;2015-03-26;BC0280982;1
1317;4;2015-03-07;7;2;2015-03-21;293092;1
1318;7;2015-03-07;2;2;2015-03-21;BC0280982;1
1319;4;2015-03-09;7;2;2015-03-29;293092;1
1320;7;2015-03-09;2;2;2015-03-29;BC0280982;1
1321;4;2015-03-10;7;2;2015-03-30;293092;1
1322;7;2015-03-10;2;2;2015-03-30;BC0280982;1
1323;4;2015-03-11;7;2;2015-03-31;293092;1
1324;7;2015-03-11;2;2;2015-03-31;BC0280982;1
1325;4;2015-03-12;7;2;2015-04-01;293092;1
1326;7;2015-03-12;2;2;2015-04-01;BC0280982;1
1327;4;2015-03-13;7;2;2015-04-02;293092;1
1328;7;2015-03-13;2;2;2015-04-02;BC0280982;1
1329;4;2015-03-14;7;2;2015-03-28;293092;1
1330;7;2015-03-14;2;2;2015-03-28;BC0280982;1
1331;4;2015-03-16;7;2;2015-04-05;293092;1
1332;7;2015-03-16;2;2;2015-04-05;BC0280982;1
1333;4;2015-03-17;7;2;2015-04-06;293092;1
1334;7;2015-03-17;2;2;2015-04-06;BC0280982;1
1335;4;2015-03-18;7;2;2015-04-07;293092;1
1336;7;2015-03-18;2;2;2015-04-07;BC0280982;1
1337;4;2015-03-19;7;2;2015-04-08;293092;1
1338;7;2015-03-19;2;2;2015-04-08;BC0280982;1
1339;4;2015-03-20;7;2;2015-04-09;293092;1
1340;7;2015-03-20;2;2;2015-04-09;BC0280982;1
1341;4;2015-03-21;7;2;2015-04-10;293092;1
1342;7;2015-03-21;2;2;2015-04-10;BC0280982;1
1343;4;2015-03-23;7;2;2015-04-12;293092;1
1344;7;2015-03-23;2;2;2015-04-12;BC0280982;1
1345;4;2015-03-24;7;2;2015-04-13;293092;1
1346;7;2015-03-24;2;2;2015-04-13;BC0280982;1
1347;4;2015-03-25;7;2;2015-04-14;293092;1
1348;7;2015-03-25;2;2;2015-04-14;BC0280982;1
1349;4;2015-03-26;7;2;2015-04-15;293092;1
1350;7;2015-03-26;2;2;2015-04-15;BC0280982;1
1351;4;2015-03-27;7;2;2015-04-16;293092;1
1352;7;2015-03-27;2;2;2015-04-16;BC0280982;1
1353;4;2015-03-28;7;2;2015-04-17;293092;1
1354;7;2015-03-28;2;2;2015-04-17;BC0280982;1
1355;4;2015-03-30;7;2;2015-04-19;293092;1
1356;7;2015-03-30;2;2;2015-04-19;BC0280982;1
1357;4;2015-03-31;7;2;2015-04-20;293092;1
1358;7;2015-03-31;2;2;2015-04-20;BC0280982;1
1359;4;2015-04-01;7;2;2015-04-21;293092;1
1360;7;2015-04-01;2;2;2015-04-21;BC0280982;1
1361;4;2015-04-02;7;2;2015-04-22;293092;1
1362;7;2015-04-02;2;2;2015-04-22;BC0280982;1
1363;4;2015-04-03;7;2;2015-04-23;293092;1
1364;7;2015-04-03;2;2;2015-04-23;BC0280982;1
1365;4;2015-04-04;7;2;2015-04-18;293092;1
1366;7;2015-04-04;2;2;2015-04-18;BC0280982;1
1367;4;2015-04-06;7;2;2015-04-26;293092;1
1368;7;2015-04-06;2;2;2015-04-26;BC0280982;1
1369;4;2015-04-07;7;2;2015-04-27;293092;1
1370;7;2015-04-07;2;2;2015-04-27;BC0280982;1
1371;4;2015-04-08;7;2;2015-04-28;293092;1
1372;7;2015-04-08;2;2;2015-04-28;BC0280982;1
1373;4;2015-04-09;7;2;2015-04-29;293092;1
1374;7;2015-04-09;2;2;2015-04-29;BC0280982;1
1375;4;2015-04-10;7;2;2015-04-30;293092;1
1376;7;2015-04-10;2;2;2015-04-30;BC0280982;1
1377;4;2015-04-11;7;2;2015-05-01;293092;1
1378;7;2015-04-11;2;2;2015-05-01;BC0280982;1
1379;4;2015-04-13;7;2;2015-05-03;293092;1
1380;7;2015-04-13;2;2;2015-05-03;BC0280982;1
1381;4;2015-04-14;7;2;2015-05-04;293092;1
1382;7;2015-04-14;2;2;2015-05-04;BC0280982;1
1383;4;2015-04-15;7;2;2015-05-05;293092;1
1384;7;2015-04-15;2;2;2015-05-05;BC0280982;1
1385;4;2015-04-16;7;2;2015-05-06;293092;1
1386;7;2015-04-16;2;2;2015-05-06;BC0280982;1
1387;4;2015-04-17;7;2;2015-05-07;293092;1
1388;7;2015-04-17;2;2;2015-05-07;BC0280982;1
1389;4;2015-04-18;7;2;2015-04-25;293092;1
1390;4;2015-04-20;7;2;2015-05-10;293092;1
1391;7;2015-04-20;2;2;2015-05-10;BC0280982;1
1392;4;2015-04-21;7;2;2015-05-11;293092;1
1393;7;2015-04-21;2;2;2015-05-11;BC0280982;1
1394;4;2015-04-22;7;2;2015-05-12;293092;1
1395;7;2015-04-22;2;2;2015-05-12;BC0280982;1
1396;4;2015-04-23;7;2;2015-05-13;293092;1
1397;7;2015-04-23;2;2;2015-05-13;BC0280982;1
1398;4;2015-04-24;7;2;2015-05-14;293092;1
1399;7;2015-04-24;2;2;2015-05-14;BC0280982;1
1400;4;2015-04-25;7;2;2015-05-09;293092;1
1401;7;2015-04-25;2;2;2015-05-09;BC0280982;1
1402;4;2015-04-27;7;2;2015-05-17;293092;1
1403;7;2015-04-27;2;2;2015-05-17;BC0280982;1
1404;4;2015-04-28;7;2;2015-05-18;293092;1
1405;7;2015-04-28;2;2;2015-05-18;BC0280982;1
1406;4;2015-04-29;7;2;2015-05-19;293092;1
1407;7;2015-04-29;2;2;2015-05-19;BC0280982;1
1408;4;2015-04-30;7;2;2015-05-20;293092;1
1409;7;2015-04-30;2;2;2015-05-20;BC0280982;1
1410;4;2015-05-01;7;2;2015-05-21;293092;1
1411;7;2015-05-01;2;2;2015-05-21;BC0280982;1
1412;4;2015-05-04;7;2;2015-05-24;293092;1
1413;7;2015-05-04;2;2;2015-05-24;BC0280982;1
1414;4;2015-05-05;7;2;2015-05-25;293092;1
1415;7;2015-05-05;2;2;2015-05-25;BC0280982;1
1416;4;2015-05-06;7;2;2015-05-26;293092;1
1417;7;2015-05-06;2;2;2015-05-26;BC0280982;1
1418;4;2015-05-07;7;2;2015-05-27;293092;1
1419;7;2015-05-07;2;2;2015-05-27;BC0280982;1
1420;4;2015-05-08;7;2;2015-05-28;293092;1
1421;7;2015-05-08;2;2;2015-05-28;BC0280982;1
1422;4;2015-05-09;7;2;2015-05-23;293092;1
1423;7;2015-05-09;2;2;2015-05-23;BC0280982;1
1424;4;2015-05-11;7;2;2015-05-31;293092;1
1425;7;2015-05-11;2;2;2015-05-31;BC0280982;1
1426;4;2015-05-12;7;2;2015-06-01;293092;1
1427;7;2015-05-12;2;2;2015-06-01;BC0280982;1
1428;4;2015-05-13;7;2;2015-06-02;293092;1
1429;7;2015-05-13;2;2;2015-06-02;BC0280982;1
1430;4;2015-05-14;7;2;2015-06-03;293092;1
1431;7;2015-05-14;2;2;2015-06-03;BC0280982;1
1432;4;2015-05-15;7;2;2015-06-04;293092;1
1433;7;2015-05-15;2;2;2015-06-04;BC0280982;1
1434;4;2015-05-16;7;2;2015-06-05;293092;1
1435;7;2015-05-16;2;2;2015-06-05;BC0280982;1
1436;4;2015-05-18;7;2;2015-06-07;293092;1
1437;7;2015-05-18;2;2;2015-06-07;BC0280982;1
1438;4;2015-05-19;7;2;2015-06-08;293092;1
1439;7;2015-05-19;2;2;2015-06-08;BC0280982;1
1440;4;2015-05-20;7;2;2015-06-09;293092;1
1441;7;2015-05-20;2;2;2015-06-09;BC0280982;1
1442;4;2015-05-21;7;2;2015-06-10;293092;1
1443;7;2015-05-21;2;2;2015-06-10;BC0280982;1
1444;4;2015-05-22;7;2;2015-06-11;293092;1
1445;7;2015-05-22;2;2;2015-06-11;BC0280982;1
1446;4;2015-05-23;7;2;2015-06-06;293092;1
1447;7;2015-05-23;2;2;2015-06-06;BC0280982;1
1448;4;2015-05-25;7;2;2015-06-14;293092;1
1449;7;2015-05-25;2;2;2015-06-14;BC0280982;1
1450;4;2015-05-26;7;2;2015-06-15;293092;1
1451;7;2015-05-26;2;2;2015-06-15;BC0280982;1
1452;4;2015-05-27;7;2;2015-06-16;293092;1
1453;7;2015-05-27;2;2;2015-06-16;BC0280982;1
1454;4;2015-05-28;7;2;2015-06-17;293092;1
1455;7;2015-05-28;2;2;2015-06-17;BC0280982;1
1456;4;2015-05-29;7;2;2015-06-18;293092;1
1457;7;2015-05-29;2;2;2015-06-18;BC0280982;1
1458;4;2015-05-30;7;2;2015-06-13;293092;1
1459;7;2015-05-30;2;2;2015-06-13;BC0280982;1
1460;4;2015-06-01;7;2;2015-06-21;293092;1
1461;7;2015-06-01;2;2;2015-06-21;BC0280982;1
1462;4;2015-06-02;7;2;2015-06-22;293092;1
1463;7;2015-06-02;2;2;2015-06-22;BC0280982;1
1464;4;2015-06-03;7;2;2015-06-23;293092;1
1465;7;2015-06-03;2;2;2015-06-23;BC0280982;1
1466;4;2015-06-04;7;2;2015-06-24;293092;1
1467;7;2015-06-04;2;2;2015-06-24;BC0280982;1
1468;4;2015-06-05;7;2;2015-06-25;293092;1
1469;7;2015-06-05;2;2;2015-06-25;BC0280982;1
1470;4;2015-06-06;7;2;2015-06-26;293092;1
1471;7;2015-06-06;2;2;2015-06-26;BC0280982;1
1472;4;2015-06-08;7;2;2015-06-28;293092;1
1473;7;2015-06-08;2;2;2015-06-28;BC0280982;1
1474;4;2015-06-09;7;2;2015-06-29;293092;1
1475;7;2015-06-09;2;2;2015-06-29;BC0280982;1
1476;4;2015-06-10;7;2;2015-06-30;293092;1
1477;7;2015-06-10;2;2;2015-06-30;BC0280982;1
1478;4;2015-06-11;7;2;2015-07-01;293092;1
1479;7;2015-06-11;2;2;2015-07-01;BC0280982;1
1480;4;2015-06-12;7;2;2015-07-02;293092;1
1481;7;2015-06-12;2;2;2015-07-02;BC0280982;1
1482;4;2015-06-13;7;2;2015-06-27;293092;1
1483;7;2015-06-13;2;2;2015-06-27;BC0280982;1
1484;4;2015-06-15;7;2;2015-07-05;293092;1
1485;7;2015-06-15;2;2;2015-07-05;BC0280982;1
1486;4;2015-06-16;7;2;2015-07-06;293092;1
1487;7;2015-06-16;2;2;2015-07-06;BC0280982;1
1488;4;2015-06-17;7;2;2015-07-07;293092;1
1489;7;2015-06-17;2;2;2015-07-07;BC0280982;1
1490;4;2015-06-18;7;2;2015-07-08;293092;1
1491;7;2015-06-18;2;2;2015-07-08;BC0280982;1
1492;4;2015-06-19;7;2;2015-07-09;293092;1
1493;7;2015-06-19;2;2;2015-07-09;BC0280982;1
1494;4;2015-06-20;7;2;2015-07-04;293092;1
1495;7;2015-06-20;2;2;2015-07-04;BC0280982;1
1496;4;2015-06-22;7;2;2015-07-12;293092;1
1497;7;2015-06-22;2;2;2015-07-12;BC0280982;1
1498;4;2015-06-23;7;2;2015-07-13;293092;1
1499;7;2015-06-23;2;2;2015-07-13;BC0280982;1
1500;4;2015-06-24;7;2;2015-07-14;293092;1
1501;7;2015-06-24;2;2;2015-07-14;BC0280982;1
1502;4;2015-06-25;7;2;2015-07-15;293092;1
1503;7;2015-06-25;2;2;2015-07-15;BC0280982;1
1504;4;2015-06-26;7;2;2015-07-16;293092;1
1505;7;2015-06-26;2;2;2015-07-16;BC0280982;1
1506;4;2015-06-29;7;2;2015-07-19;293092;1
1507;7;2015-06-29;2;2;2015-07-19;BC0280982;1
1508;4;2015-06-30;7;2;2015-07-20;293092;1
1509;7;2015-06-30;2;2;2015-07-20;BC0280982;1
1510;4;2015-07-01;7;2;2015-07-21;293092;1
1511;7;2015-07-01;2;2;2015-07-21;BC0280982;1
1512;4;2015-07-02;7;2;2015-07-22;293092;1
1513;7;2015-07-02;2;2;2015-07-22;BC0280982;1
1514;4;2015-07-03;7;2;2015-07-23;293092;1
1515;7;2015-07-03;2;2;2015-07-23;BC0280982;1
1516;4;2015-07-04;7;2;2015-07-18;293092;1
1517;7;2015-07-04;2;2;2015-07-18;BC0280982;1
1518;4;2015-07-06;7;2;2015-07-26;293092;1
1519;7;2015-07-06;2;2;2015-07-26;BC0280982;1
1520;4;2015-07-07;7;2;2015-07-27;293092;1
1521;7;2015-07-07;2;2;2015-07-27;BC0280982;1
1522;4;2015-07-08;7;2;2015-07-28;293092;1
1523;7;2015-07-08;2;2;2015-07-28;BC0280982;1
1524;4;2015-07-09;7;2;2015-07-29;293092;1
1525;7;2015-07-09;2;2;2015-07-29;BC0280982;1
1526;4;2015-07-10;7;2;2015-07-30;293092;1
1527;7;2015-07-10;2;2;2015-07-30;BC0280982;1
1528;4;2015-07-11;7;2;2015-07-25;293092;1
1529;7;2015-07-11;2;2;2015-07-25;BC0280982;1
1530;4;2015-07-13;7;2;2015-08-02;293092;1
1531;7;2015-07-13;2;2;2015-08-02;BC0280982;1
1532;4;2015-07-14;7;2;2015-08-03;293092;1
1533;7;2015-07-14;2;2;2015-08-03;BC0280982;1
1534;4;2015-07-15;7;2;2015-08-04;293092;1
1535;7;2015-07-15;2;2;2015-08-04;BC0280982;1
1536;4;2015-07-16;7;2;2015-08-05;293092;1
1537;7;2015-07-16;2;2;2015-08-05;BC0280982;1
1538;4;2015-07-17;7;2;2015-08-06;293092;1
1539;7;2015-07-17;2;2;2015-08-06;BC0280982;1
1540;4;2015-07-18;7;2;2015-08-07;293092;1
1541;7;2015-07-18;2;2;2015-08-07;BC0280982;1
1542;4;2015-07-20;7;2;2015-08-09;293092;1
1543;7;2015-07-20;2;2;2015-08-09;BC0280982;1
1544;4;2015-07-21;7;2;2015-08-10;293092;1
1545;7;2015-07-21;2;2;2015-08-10;BC0280982;1
1546;4;2015-07-22;7;2;2015-08-11;293092;1
1547;7;2015-07-22;2;2;2015-08-11;BC0280982;1
1548;4;2015-07-23;7;2;2015-08-12;293092;1
1549;7;2015-07-23;2;2;2015-08-12;BC0280982;1
1550;4;2015-07-24;7;2;2015-08-13;293092;1
1551;7;2015-07-24;2;2;2015-08-13;BC0280982;1
1552;4;2015-07-25;7;2;2015-08-14;293092;1
1553;7;2015-07-25;2;2;2015-08-14;BC0280982;1
1554;4;2015-07-27;7;2;2015-08-16;293092;1
1555;7;2015-07-27;2;2;2015-08-16;BC0280982;1
1556;4;2015-07-28;7;2;2015-08-17;293092;1
1557;7;2015-07-28;2;2;2015-08-17;BC0280982;1
1558;4;2015-07-29;7;2;2015-08-18;293092;1
1559;7;2015-07-29;2;2;2015-08-18;BC0280982;1
1560;4;2015-07-30;7;2;2015-08-19;293092;1
1561;7;2015-07-30;2;2;2015-08-19;BC0280982;1
1562;4;2015-07-31;7;2;2015-08-20;293092;1
1563;7;2015-07-31;2;2;2015-08-20;BC0280982;1
1564;4;2015-08-01;7;2;2015-08-08;293092;1
1565;4;2015-08-03;7;2;2015-08-23;293092;1
1566;7;2015-08-03;2;2;2015-08-23;BC0280982;1
1567;4;2015-08-04;7;2;2015-08-24;293092;1
1568;7;2015-08-04;2;2;2015-08-24;BC0280982;1
1569;4;2015-08-05;7;2;2015-08-25;293092;1
1570;7;2015-08-05;2;2;2015-08-25;BC0280982;1
1571;4;2015-08-06;7;2;2015-08-26;293092;1
1572;7;2015-08-06;2;2;2015-08-26;BC0280982;1
1573;4;2015-08-07;7;2;2015-08-27;293092;1
1574;7;2015-08-07;2;2;2015-08-27;BC0280982;1
1575;4;2015-08-08;7;2;2015-08-28;293092;1
1576;7;2015-08-08;2;2;2015-08-28;BC0280982;1
1577;4;2015-08-10;7;2;2015-08-30;293092;1
1578;7;2015-08-10;2;2;2015-08-30;BC0280982;1
1579;4;2015-08-11;7;2;2015-08-31;293092;1
1580;7;2015-08-11;2;2;2015-08-31;BC0280982;1
1581;4;2015-08-12;7;2;2015-09-01;293092;1
1582;7;2015-08-12;2;2;2015-09-01;BC0280982;1
1583;4;2015-08-13;7;2;2015-09-02;293092;1
1584;7;2015-08-13;2;2;2015-09-02;BC0280982;1
1585;4;2015-08-14;7;2;2015-09-03;293092;1
1586;7;2015-08-14;2;2;2015-09-03;BC0280982;1
1587;4;2015-08-15;7;2;2015-08-22;293092;1
1588;4;2015-08-17;7;2;2015-09-06;293092;1
1589;7;2015-08-17;2;2;2015-09-06;BC0280982;1
1590;4;2015-08-18;7;2;2015-09-07;293092;1
1591;7;2015-08-18;2;2;2015-09-07;BC0280982;1
1592;4;2015-08-19;7;2;2015-09-08;293092;1
1593;7;2015-08-19;2;2;2015-09-08;BC0280982;1
1594;4;2015-08-20;7;2;2015-09-09;293092;1
1595;7;2015-08-20;2;2;2015-09-09;BC0280982;1
1596;4;2015-08-21;7;2;2015-09-10;293092;1
1597;7;2015-08-21;2;2;2015-09-10;BC0280982;1
1598;4;2015-08-22;7;2;2015-09-05;293092;1
1599;7;2015-08-22;2;2;2015-09-05;BC0280982;1
1600;4;2015-08-24;7;2;2015-09-13;293092;1
1601;7;2015-08-24;2;2;2015-09-13;BC0280982;1
1602;4;2015-08-25;7;2;2015-09-14;293092;1
1603;7;2015-08-25;2;2;2015-09-14;BC0280982;1
1604;4;2015-08-26;7;2;2015-09-15;293092;1
1605;7;2015-08-26;2;2;2015-09-15;BC0280982;1
1606;4;2015-08-27;7;2;2015-09-16;293092;1
1607;7;2015-08-27;2;2;2015-09-16;BC0280982;1
1608;4;2015-08-28;7;2;2015-09-17;293092;1
1609;7;2015-08-28;2;2;2015-09-17;BC0280982;1
1610;4;2015-08-29;7;2;2015-09-12;293092;1
1611;7;2015-08-29;2;2;2015-09-12;BC0280982;1
1612;4;2015-08-31;7;2;2015-09-20;293092;1
1613;7;2015-08-31;2;2;2015-09-20;BC0280982;1
1614;4;2015-09-01;7;2;2015-09-21;293092;1
1615;7;2015-09-01;2;2;2015-09-21;BC0280982;1
1616;4;2015-09-02;7;2;2015-09-22;293092;1
1617;7;2015-09-02;2;2;2015-09-22;BC0280982;1
1618;4;2015-09-03;7;2;2015-09-23;293092;1
1619;7;2015-09-03;2;2;2015-09-23;BC0280982;1
1620;4;2015-09-04;7;2;2015-09-24;293092;1
1621;7;2015-09-04;2;2;2015-09-24;BC0280982;1
1622;4;2015-09-05;7;2;2015-09-19;293092;1
1623;7;2015-09-05;2;2;2015-09-19;BC0280982;1
1624;4;2015-09-07;7;2;2015-09-27;293092;1
1625;7;2015-09-07;2;2;2015-09-27;BC0280982;1
1626;4;2015-09-08;7;2;2015-09-28;293092;1
1627;7;2015-09-08;2;2;2015-09-28;BC0280982;1
1628;4;2015-09-09;7;2;2015-09-29;293092;1
1629;7;2015-09-09;2;2;2015-09-29;BC0280982;1
1630;4;2015-09-10;7;2;2015-09-30;293092;1
1631;7;2015-09-10;2;2;2015-09-30;BC0280982;1
1632;4;2015-09-11;7;2;2015-10-01;293092;1
1633;7;2015-09-11;2;2;2015-10-01;BC0280982;1
1634;7;2015-09-12;2;2;2015-09-26;BC0280982;1
1635;4;2015-09-14;7;2;2015-10-04;293092;1
1636;7;2015-09-14;2;2;2015-10-04;BC0280982;1
1637;4;2015-09-15;7;2;2015-10-05;293092;1
1638;7;2015-09-15;2;2;2015-10-05;BC0280982;1
1639;4;2015-09-16;7;2;2015-10-06;293092;1
1640;7;2015-09-16;2;2;2015-10-06;BC0280982;1
1641;4;2015-09-17;7;2;2015-10-07;293092;1
1642;7;2015-09-17;2;2;2015-10-07;BC0280982;1
1643;4;2015-09-18;7;2;2015-10-08;293092;1
1644;7;2015-09-18;2;2;2015-10-08;BC0280982;1
1645;4;2015-09-19;7;2;2015-10-09;293092;1
1646;7;2015-09-19;2;2;2015-10-09;BC0280982;1
1647;4;2015-09-21;7;2;2015-10-11;293092;1
1648;7;2015-09-21;2;2;2015-10-11;BC0280982;1
1649;4;2015-09-22;7;2;2015-10-12;293092;1
1650;7;2015-09-22;2;2;2015-10-12;BC0280982;1
1651;4;2015-09-23;7;2;2015-10-13;293092;1
1652;7;2015-09-23;2;2;2015-10-13;BC0280982;1
1653;4;2015-09-24;7;2;2015-10-14;293092;1
1654;7;2015-09-24;2;2;2015-10-14;BC0280982;1
1655;4;2015-09-25;7;2;2015-10-15;293092;1
1656;7;2015-09-25;2;2;2015-10-15;BC0280982;1
1657;4;2015-09-26;7;2;2015-10-03;293092;1
1658;4;2015-09-28;7;2;2015-10-18;293092;1
1659;7;2015-09-28;2;2;2015-10-18;BC0280982;1
1660;4;2015-09-29;7;2;2015-10-19;293092;1
1661;7;2015-09-29;2;2;2015-10-19;BC0280982;1
1662;4;2015-09-30;7;2;2015-10-20;293092;1
1663;7;2015-09-30;2;2;2015-10-20;BC0280982;1
1664;4;2015-10-01;7;2;2015-10-21;293092;1
1665;7;2015-10-01;2;2;2015-10-21;BC0280982;1
1666;4;2015-10-02;7;2;2015-10-22;293092;1
1667;7;2015-10-02;2;2;2015-10-22;BC0280982;1
1668;4;2015-10-03;7;2;2015-10-17;293092;1
1669;7;2015-10-03;2;2;2015-10-17;BC0280982;1
1670;4;2015-10-05;7;2;2015-10-25;293092;1
1671;7;2015-10-05;2;2;2015-10-25;BC0280982;1
1672;4;2015-10-06;7;2;2015-10-26;293092;1
1673;7;2015-10-06;2;2;2015-10-26;BC0280982;1
1674;4;2015-10-07;7;2;2015-10-27;293092;1
1675;7;2015-10-07;2;2;2015-10-27;BC0280982;1
1676;4;2015-10-08;7;2;2015-10-28;293092;1
1677;7;2015-10-08;2;2;2015-10-28;BC0280982;1
1678;4;2015-10-09;7;2;2015-10-29;293092;1
1679;7;2015-10-09;2;2;2015-10-29;BC0280982;1
1680;4;2015-10-10;7;2;2015-10-24;293092;1
1681;7;2015-10-10;2;2;2015-10-24;BC0280982;1
1682;4;2015-10-12;7;2;2015-11-01;293092;1
1683;7;2015-10-12;2;2;2015-11-01;BC0280982;1
1684;4;2015-10-13;7;2;2015-11-02;293092;1
1685;7;2015-10-13;2;2;2015-11-02;BC0280982;1
1686;4;2015-10-14;7;2;2015-11-03;293092;1
1687;7;2015-10-14;2;2;2015-11-03;BC0280982;1
1688;4;2015-10-15;7;2;2015-11-04;293092;1
1689;7;2015-10-15;2;2;2015-11-04;BC0280982;1
1690;4;2015-10-16;7;2;2015-11-05;293092;1
1691;7;2015-10-16;2;2;2015-11-05;BC0280982;1
1692;4;2015-10-17;7;2;2015-10-31;293092;1
1693;7;2015-10-17;2;2;2015-10-31;BC0280982;1
1694;4;2015-10-19;7;2;2015-11-08;293092;1
1695;7;2015-10-19;2;2;2015-11-08;BC0280982;1
1696;4;2015-10-20;7;2;2015-11-09;293092;1
1697;7;2015-10-20;2;2;2015-11-09;BC0280982;1
1698;4;2015-10-21;7;2;2015-11-10;293092;1
1699;7;2015-10-21;2;2;2015-11-10;BC0280982;1
1700;4;2015-10-22;7;2;2015-11-11;293092;1
1701;7;2015-10-22;2;2;2015-11-11;BC0280982;1
1702;4;2015-10-23;7;2;2015-11-12;293092;1
1703;7;2015-10-23;2;2;2015-11-12;BC0280982;1
1704;4;2015-10-24;7;2;2015-11-13;293092;1
1705;7;2015-10-24;2;2;2015-11-13;BC0280982;1
1706;4;2015-10-26;7;2;2015-11-15;293092;1
1707;7;2015-10-26;2;2;2015-11-15;BC0280982;1
1708;4;2015-10-27;7;2;2015-11-16;293092;1
1709;7;2015-10-27;2;2;2015-11-16;BC0280982;1
1710;4;2015-10-28;7;2;2015-11-17;293092;1
1711;7;2015-10-28;2;2;2015-11-17;BC0280982;1
1712;4;2015-10-29;7;2;2015-11-18;293092;1
1713;7;2015-10-29;2;2;2015-11-18;BC0280982;1
1714;4;2015-10-30;7;2;2015-11-19;293092;1
1715;7;2015-10-30;2;2;2015-11-19;BC0280982;1
1716;4;2015-10-31;7;2;2015-11-20;293092;1
1717;7;2015-10-31;2;2;2015-11-20;BC0280982;1
1718;4;2015-11-02;7;2;2015-11-22;293092;1
1719;7;2015-11-02;2;2;2015-11-22;BC0280982;1
1720;4;2015-11-03;7;2;2015-11-23;293092;1
1721;7;2015-11-03;2;2;2015-11-23;BC0280982;1
1722;4;2015-11-04;7;2;2015-11-24;293092;1
1723;7;2015-11-04;2;2;2015-11-24;BC0280982;1
1724;4;2015-11-05;7;2;2015-11-25;293092;1
1725;7;2015-11-05;2;2;2015-11-25;BC0280982;1
1726;4;2015-11-06;7;2;2015-11-26;293092;1
1727;7;2015-11-06;2;2;2015-11-26;BC0280982;1
1728;4;2015-11-07;7;2;2015-11-21;293092;1
1729;7;2015-11-07;2;2;2015-11-21;BC0280982;1
1730;4;2015-11-09;7;2;2015-11-29;293092;1
1731;7;2015-11-09;2;2;2015-11-29;BC0280982;1
1732;4;2015-11-10;7;2;2015-11-30;293092;1
1733;7;2015-11-10;2;2;2015-11-30;BC0280982;1
1734;4;2015-11-11;7;2;2015-12-01;293092;1
1735;7;2015-11-11;2;2;2015-12-01;BC0280982;1
1736;4;2015-11-12;7;2;2015-12-02;293092;1
1737;7;2015-11-12;2;2;2015-12-02;BC0280982;1
1738;4;2015-11-13;7;2;2015-12-03;293092;1
1739;7;2015-11-13;2;2;2015-12-03;BC0280982;1
1740;4;2015-11-14;7;2;2015-12-04;293092;1
1741;7;2015-11-14;2;2;2015-12-04;BC0280982;1
1742;4;2015-11-16;7;2;2015-12-06;293092;1
1743;7;2015-11-16;2;2;2015-12-06;BC0280982;1
1744;4;2015-11-17;7;2;2015-12-07;293092;1
1745;7;2015-11-17;2;2;2015-12-07;BC0280982;1
1746;4;2015-11-18;7;2;2015-12-08;293092;1
1747;7;2015-11-18;2;2;2015-12-08;BC0280982;1
1748;4;2015-11-19;7;2;2015-12-09;293092;1
1749;7;2015-11-19;2;2;2015-12-09;BC0280982;1
1750;4;2015-11-20;7;2;2015-12-10;293092;1
1751;7;2015-11-20;2;2;2015-12-10;BC0280982;1
1752;4;2015-11-21;7;2;2015-11-28;293092;1
1753;4;2015-11-23;7;2;2015-12-13;293092;1
1754;7;2015-11-23;2;2;2015-12-13;BC0280982;1
1755;4;2015-11-24;7;2;2015-12-14;293092;1
1756;7;2015-11-24;2;2;2015-12-14;BC0280982;1
1757;4;2015-11-25;7;2;2015-12-15;293092;1
1758;7;2015-11-25;2;2;2015-12-15;BC0280982;1
1759;4;2015-11-26;7;2;2015-12-16;293092;1
1760;7;2015-11-26;2;2;2015-12-16;BC0280982;1
1761;4;2015-11-27;7;2;2015-12-17;293092;1
1762;7;2015-11-27;2;2;2015-12-17;BC0280982;1
1763;4;2015-11-28;7;2;2015-12-05;293092;1
1764;4;2015-11-30;7;2;2015-12-20;293092;1
1765;7;2015-11-30;2;2;2015-12-20;BC0280982;1
1766;4;2015-12-01;7;2;2015-12-21;293092;1
1767;7;2015-12-01;2;2;2015-12-21;BC0280982;1
1768;4;2015-12-02;7;2;2015-12-22;293092;1
1769;7;2015-12-02;2;2;2015-12-22;BC0280982;1
1770;4;2015-12-03;7;2;2015-12-23;293092;1
1771;7;2015-12-03;2;2;2015-12-23;BC0280982;1
1772;4;2015-12-04;7;2;2015-12-24;293092;1
1773;7;2015-12-04;2;2;2015-12-24;BC0280982;1
1774;4;2015-12-05;7;2;2015-12-25;293092;1
1775;7;2015-12-05;2;2;2015-12-25;BC0280982;1
1776;4;2015-12-07;7;2;2015-12-27;293092;1
1777;7;2015-12-07;2;2;2015-12-27;BC0280982;1
1778;4;2015-12-08;7;2;2015-12-28;293092;1
1779;7;2015-12-08;2;2;2015-12-28;BC0280982;1
1780;4;2015-12-09;7;2;2015-12-29;293092;1
1781;7;2015-12-09;2;2;2015-12-29;BC0280982;1
1782;4;2015-12-10;7;2;2015-12-30;293092;1
1783;7;2015-12-10;2;2;2015-12-30;BC0280982;1
1784;4;2015-12-11;7;2;2015-12-31;293092;1
1785;7;2015-12-11;2;2;2015-12-31;BC0280982;1
1786;4;2015-12-12;7;2;2016-01-01;293092;1
1787;7;2015-12-12;2;2;2016-01-01;BC0280982;1
1788;4;2015-12-14;7;2;2016-01-03;293092;1
1789;7;2015-12-14;2;2;2016-01-03;BC0280982;1
1790;4;2015-12-15;7;2;2016-01-04;293092;1
1791;7;2015-12-15;2;2;2016-01-04;BC0280982;1
1792;4;2015-12-16;7;2;2016-01-05;293092;1
1793;7;2015-12-16;2;2;2016-01-05;BC0280982;1
1794;4;2015-12-17;7;2;2016-01-06;293092;1
1795;7;2015-12-17;2;2;2016-01-06;BC0280982;1
1796;4;2015-12-18;7;2;2016-01-07;293092;1
1797;7;2015-12-18;2;2;2016-01-07;BC0280982;1
1798;4;2015-12-19;7;2;2016-01-08;293092;1
1799;7;2015-12-19;2;2;2016-01-08;BC0280982;1
1800;4;2015-12-21;7;2;2016-01-10;293092;1
1801;7;2015-12-21;2;2;2016-01-10;BC0280982;1
1802;4;2015-12-22;7;2;2016-01-11;293092;1
1803;7;2015-12-22;2;2;2016-01-11;BC0280982;1
1804;4;2015-12-23;7;2;2016-01-12;293092;1
1805;7;2015-12-23;2;2;2016-01-12;BC0280982;1
1806;4;2015-12-24;7;2;2016-01-13;293092;1
1807;7;2015-12-24;2;2;2016-01-13;BC0280982;1
1808;4;2015-12-25;7;2;2016-01-14;293092;1
1809;7;2015-12-25;2;2;2016-01-14;BC0280982;1
1810;4;2015-12-26;7;2;2016-01-15;293092;1
1811;7;2015-12-26;2;2;2016-01-15;BC0280982;1
1812;4;2015-12-28;7;2;2016-01-17;293092;1
1813;7;2015-12-28;2;2;2016-01-17;BC0280982;1
1814;4;2015-12-29;7;2;2016-01-18;293092;1
1815;7;2015-12-29;2;2;2016-01-18;BC0280982;1
1816;4;2015-12-30;7;2;2016-01-19;293092;1
1817;7;2015-12-30;2;2;2016-01-19;BC0280982;1
1818;4;2015-12-31;7;2;2016-01-20;293092;1
1819;7;2015-12-31;2;2;2016-01-20;BC0280982;1
1820;4;2016-01-01;7;2;2016-01-21;293092;1
1821;7;2016-01-01;2;2;2016-01-21;BC0280982;1
1822;1;2016-01-02;7;2;2016-01-09;AA20384;1
1823;4;2016-01-02;7;2;2016-01-09;293092;1
1824;1;2016-01-03;7;2;2016-01-06;AA20384;1
1825;1;2016-01-04;7;2;2016-01-24;AA20384;1
1826;4;2016-01-04;7;2;2016-01-24;293092;1
1827;7;2016-01-04;2;2;2016-01-24;BC0280982;1
1828;1;2016-01-05;7;2;2016-01-25;AA20384;1
1829;4;2016-01-05;7;2;2016-01-25;293092;1
1830;7;2016-01-05;2;2;2016-01-25;BC0280982;1
1831;1;2016-01-06;7;2;2016-01-26;AA20384;1
1832;4;2016-01-06;7;2;2016-01-26;293092;1
1833;7;2016-01-06;2;2;2016-01-26;BC0280982;1
1834;4;2016-01-07;7;2;2016-01-27;293092;1
1835;7;2016-01-07;2;2;2016-01-27;BC0280982;1
1836;4;2016-01-08;7;2;2016-01-28;293092;1
1837;7;2016-01-08;2;2;2016-01-28;BC0280982;1
1838;4;2016-01-09;7;2;2016-01-23;293092;1
1839;7;2016-01-09;2;2;2016-01-23;BC0280982;1
1840;4;2016-01-11;7;2;2016-01-31;293092;1
1841;7;2016-01-11;2;2;2016-01-31;BC0280982;1
1842;4;2016-01-12;7;2;2016-02-01;293092;1
1843;7;2016-01-12;2;2;2016-02-01;BC0280982;1
1844;4;2016-01-13;7;2;2016-02-02;293092;1
1845;7;2016-01-13;2;2;2016-02-02;BC0280982;1
1846;4;2016-01-14;7;2;2016-02-03;293092;1
1847;7;2016-01-14;2;2;2016-02-03;BC0280982;1
1848;4;2016-01-15;7;2;2016-02-04;293092;1
1849;7;2016-01-15;2;2;2016-02-04;BC0280982;1
1850;4;2016-01-16;7;2;2016-01-23;293092;1
1851;4;2016-01-18;7;2;2016-02-07;293092;1
1852;7;2016-01-18;2;2;2016-02-07;BC0280982;1
1853;4;2016-01-19;7;2;2016-02-08;293092;1
1854;7;2016-01-19;2;2;2016-02-08;BC0280982;1
1855;4;2016-01-20;7;2;2016-02-09;293092;1
1856;7;2016-01-20;2;2;2016-02-09;BC0280982;1
1857;4;2016-01-21;7;2;2016-02-10;293092;1
1858;7;2016-01-21;2;2;2016-02-10;BC0280982;1
1859;4;2016-01-22;7;2;2016-02-11;293092;1
1860;7;2016-01-22;2;2;2016-02-11;BC0280982;1
1861;4;2016-01-23;7;2;2016-02-12;293092;1
1862;7;2016-01-23;2;2;2016-02-12;BC0280982;1
1863;4;2016-01-25;7;2;2016-02-14;293092;1
1864;7;2016-01-25;2;2;2016-02-14;BC0280982;1
1865;4;2016-01-26;7;2;2016-02-15;293092;1
1866;7;2016-01-26;2;2;2016-02-15;BC0280982;1
1867;4;2016-01-27;7;2;2016-02-16;293092;1
1868;7;2016-01-27;2;2;2016-02-16;BC0280982;1
1869;4;2016-01-28;7;2;2016-02-17;293092;1
1870;7;2016-01-28;2;2;2016-02-17;BC0280982;1
1871;4;2016-01-29;7;2;2016-02-18;293092;1
1872;7;2016-01-29;2;2;2016-02-18;BC0280982;1
1873;4;2016-01-30;7;2;2016-02-13;293092;1
1874;7;2016-01-30;2;2;2016-02-13;BC0280982;1
1875;4;2016-02-01;7;2;2016-02-21;293092;1
1876;7;2016-02-01;2;2;2016-02-21;BC0280982;1
1877;4;2016-02-02;7;2;2016-02-22;293092;1
1878;7;2016-02-02;2;2;2016-02-22;BC0280982;1
1879;4;2016-02-03;7;2;2016-02-23;293092;1
1880;7;2016-02-03;2;2;2016-02-23;BC0280982;1
1881;4;2016-02-04;7;2;2016-02-24;293092;1
1882;7;2016-02-04;2;2;2016-02-24;BC0280982;1
1883;4;2016-02-05;7;2;2016-02-25;293092;1
1884;7;2016-02-05;2;2;2016-02-25;BC0280982;1
1885;4;2016-02-06;7;2;2016-02-20;293092;1
1886;7;2016-02-06;2;2;2016-02-20;BC0280982;1
1887;4;2016-02-08;7;2;2016-02-28;293092;1
1888;7;2016-02-08;2;2;2016-02-28;BC0280982;1
1889;4;2016-02-09;7;2;2016-02-29;293092;1
1890;7;2016-02-09;2;2;2016-02-29;BC0280982;1
1891;4;2016-02-10;7;2;2016-03-01;293092;1
1892;7;2016-02-10;2;2;2016-03-01;BC0280982;1
1893;4;2016-02-11;7;2;2016-03-02;293092;1
1894;7;2016-02-11;2;2;2016-03-02;BC0280982;1
1895;4;2016-02-12;7;2;2016-03-03;293092;1
1896;7;2016-02-12;2;2;2016-03-03;BC0280982;1
1897;4;2016-02-13;7;2;2016-03-04;293092;1
1898;7;2016-02-13;2;2;2016-03-04;BC0280982;1
1899;4;2016-02-15;7;2;2016-03-06;293092;1
1900;7;2016-02-15;2;2;2016-03-06;BC0280982;1
1901;4;2016-02-16;7;2;2016-03-07;293092;1
1902;7;2016-02-16;2;2;2016-03-07;BC0280982;1
1903;4;2016-02-17;7;2;2016-03-08;293092;1
1904;7;2016-02-17;2;2;2016-03-08;BC0280982;1
1905;4;2016-02-18;7;2;2016-03-09;293092;1
1906;7;2016-02-18;2;2;2016-03-09;BC0280982;1
1907;4;2016-02-19;7;2;2016-03-10;293092;1
1908;7;2016-02-19;2;2;2016-03-10;BC0280982;1
1909;4;2016-02-20;7;2;2016-03-11;293092;1
1910;7;2016-02-20;2;2;2016-03-11;BC0280982;1
1911;4;2016-02-22;7;2;2016-03-13;293092;1
1912;7;2016-02-22;2;2;2016-03-13;BC0280982;1
1913;4;2016-02-23;7;2;2016-03-14;293092;1
1914;7;2016-02-23;2;2;2016-03-14;BC0280982;1
1915;4;2016-02-24;7;2;2016-03-15;293092;1
1916;7;2016-02-24;2;2;2016-03-15;BC0280982;1
1917;4;2016-02-25;7;2;2016-03-16;293092;1
1918;7;2016-02-25;2;2;2016-03-16;BC0280982;1
1919;4;2016-02-26;7;2;2016-03-17;293092;1
1920;7;2016-02-26;2;2;2016-03-17;BC0280982;1
1921;4;2016-02-27;7;2;2016-03-05;293092;1
1922;4;2016-02-29;7;2;2016-03-20;293092;1
1923;7;2016-02-29;2;2;2016-03-20;BC0280982;1
1924;4;2016-03-01;7;2;2016-03-21;293092;1
1925;7;2016-03-01;2;2;2016-03-21;BC0280982;1
1926;4;2016-03-02;7;2;2016-03-22;293092;1
1927;7;2016-03-02;2;2;2016-03-22;BC0280982;1
1928;4;2016-03-03;7;2;2016-03-23;293092;1
1929;7;2016-03-03;2;2;2016-03-23;BC0280982;1
1930;4;2016-03-04;7;2;2016-03-24;293092;1
1931;7;2016-03-04;2;2;2016-03-24;BC0280982;1
1932;4;2016-03-05;7;2;2016-03-12;293092;1
1933;4;2016-03-07;7;2;2016-03-27;293092;1
1934;7;2016-03-07;2;2;2016-03-27;BC0280982;1
1935;4;2016-03-08;7;2;2016-03-28;293092;1
1936;7;2016-03-08;2;2;2016-03-28;BC0280982;1
1937;4;2016-03-09;7;2;2016-03-29;293092;1
1938;7;2016-03-09;2;2;2016-03-29;BC0280982;1
1939;4;2016-03-10;7;2;2016-03-30;293092;1
1940;7;2016-03-10;2;2;2016-03-30;BC0280982;1
1941;4;2016-03-11;7;2;2016-03-31;293092;1
1942;7;2016-03-11;2;2;2016-03-31;BC0280982;1
1943;4;2016-03-14;7;2;2016-04-03;293092;1
1944;7;2016-03-14;2;2;2016-04-03;BC0280982;1
1945;4;2016-03-15;7;2;2016-04-04;293092;1
1946;7;2016-03-15;2;2;2016-04-04;BC0280982;1
1947;4;2016-03-16;7;2;2016-04-05;293092;1
1948;7;2016-03-16;2;2;2016-04-05;BC0280982;1
1949;4;2016-03-17;7;2;2016-04-06;293092;1
1950;7;2016-03-17;2;2;2016-04-06;BC0280982;1
1951;4;2016-03-18;7;2;2016-04-07;293092;1
1952;7;2016-03-18;2;2;2016-04-07;BC0280982;1
1953;4;2016-03-19;7;2;2016-04-02;293092;1
1954;7;2016-03-19;2;2;2016-04-02;BC0280982;1
1955;4;2016-03-21;7;2;2016-04-10;293092;1
1956;7;2016-03-21;2;2;2016-04-10;BC0280982;1
1957;4;2016-03-22;7;2;2016-04-11;293092;1
1958;7;2016-03-22;2;2;2016-04-11;BC0280982;1
1959;4;2016-03-23;7;2;2016-04-12;293092;1
1960;7;2016-03-23;2;2;2016-04-12;BC0280982;1
1961;4;2016-03-24;7;2;2016-04-13;293092;1
1962;7;2016-03-24;2;2;2016-04-13;BC0280982;1
1963;4;2016-03-25;7;2;2016-04-14;293092;1
1964;7;2016-03-25;2;2;2016-04-14;BC0280982;1
1965;4;2016-03-26;7;2;2016-04-15;293092;1
1966;7;2016-03-26;2;2;2016-04-15;BC0280982;1
1967;4;2016-03-28;7;2;2016-04-17;293092;1
1968;7;2016-03-28;2;2;2016-04-17;BC0280982;1
1969;4;2016-03-29;7;2;2016-04-18;293092;1
1970;7;2016-03-29;2;2;2016-04-18;BC0280982;1
1971;4;2016-03-30;7;2;2016-04-19;293092;1
1972;7;2016-03-30;2;2;2016-04-19;BC0280982;1
1973;4;2016-03-31;7;2;2016-04-20;293092;1
1974;7;2016-03-31;2;2;2016-04-20;BC0280982;1
1975;4;2016-04-01;7;2;2016-04-21;293092;1
1976;7;2016-04-01;2;2;2016-04-21;BC0280982;1
1977;4;2016-04-02;7;2;2016-04-09;293092;1
1978;4;2016-04-04;7;2;2016-04-24;293092;1
1979;7;2016-04-04;2;2;2016-04-24;BC0280982;1
1980;4;2016-04-05;7;2;2016-04-25;293092;1
1981;7;2016-04-05;2;2;2016-04-25;BC0280982;1
1982;4;2016-04-06;7;2;2016-04-26;293092;1
1983;7;2016-04-06;2;2;2016-04-26;BC0280982;1
1984;4;2016-04-07;7;2;2016-04-27;293092;1
1985;7;2016-04-07;2;2;2016-04-27;BC0280982;1
1986;4;2016-04-08;7;2;2016-04-28;293092;1
1987;7;2016-04-08;2;2;2016-04-28;BC0280982;1
1988;4;2016-04-09;7;2;2016-04-29;293092;1
1989;7;2016-04-09;2;2;2016-04-29;BC0280982;1
1990;4;2016-04-11;7;2;2016-05-01;293092;1
1991;7;2016-04-11;2;2;2016-05-01;BC0280982;1
1992;4;2016-04-12;7;2;2016-05-02;293092;1
1993;7;2016-04-12;2;2;2016-05-02;BC0280982;1
1994;4;2016-04-13;7;2;2016-05-03;293092;1
1995;7;2016-04-13;2;2;2016-05-03;BC0280982;1
1996;4;2016-04-14;7;2;2016-05-04;293092;1
1997;7;2016-04-14;2;2;2016-05-04;BC0280982;1
1998;4;2016-04-15;7;2;2016-05-05;293092;1
1999;7;2016-04-15;2;2;2016-05-05;BC0280982;1
2000;4;2016-04-16;7;2;2016-04-30;293092;1
2001;7;2016-04-16;2;2;2016-04-30;BC0280982;1
2002;4;2016-04-18;7;2;2016-05-08;293092;1
2003;7;2016-04-18;2;2;2016-05-08;BC0280982;1
2004;4;2016-04-19;7;2;2016-05-09;293092;1
2005;7;2016-04-19;2;2;2016-05-09;BC0280982;1
2006;4;2016-04-20;7;2;2016-05-10;293092;1
2007;7;2016-04-20;2;2;2016-05-10;BC0280982;1
2008;4;2016-04-21;7;2;2016-05-11;293092;1
2009;7;2016-04-21;2;2;2016-05-11;BC0280982;1
2010;4;2016-04-22;7;2;2016-05-12;293092;1
2011;7;2016-04-22;2;2;2016-05-12;BC0280982;1
2012;4;2016-04-23;7;2;2016-05-07;293092;1
2013;7;2016-04-23;2;2;2016-05-07;BC0280982;1
2014;4;2016-04-25;7;2;2016-05-15;293092;1
2015;7;2016-04-25;2;2;2016-05-15;BC0280982;1
2016;4;2016-04-26;7;2;2016-05-16;293092;1
2017;7;2016-04-26;2;2;2016-05-16;BC0280982;1
2018;4;2016-04-27;7;2;2016-05-17;293092;1
2019;7;2016-04-27;2;2;2016-05-17;BC0280982;1
2020;4;2016-04-28;7;2;2016-05-18;293092;1
2021;7;2016-04-28;2;2;2016-05-18;BC0280982;1
2022;4;2016-04-29;7;2;2016-05-19;293092;1
2023;7;2016-04-29;2;2;2016-05-19;BC0280982;1
2024;7;2016-04-30;2;2;2016-05-20;BC0280982;1
2025;4;2016-05-02;7;2;2016-05-22;293092;1
2026;7;2016-05-02;2;2;2016-05-22;BC0280982;1
2027;4;2016-05-03;7;2;2016-05-23;293092;1
2028;7;2016-05-03;2;2;2016-05-23;BC0280982;1
2029;4;2016-05-04;7;2;2016-05-24;293092;1
2030;7;2016-05-04;2;2;2016-05-24;BC0280982;1
2031;4;2016-05-05;7;2;2016-05-25;293092;1
2032;7;2016-05-05;2;2;2016-05-25;BC0280982;1
2033;4;2016-05-06;7;2;2016-05-26;293092;1
2034;7;2016-05-06;2;2;2016-05-26;BC0280982;1
2035;4;2016-05-07;7;2;2016-05-27;293092;1
2036;7;2016-05-07;2;2;2016-05-27;BC0280982;1
2037;4;2016-05-09;7;2;2016-05-29;293092;1
2038;7;2016-05-09;2;2;2016-05-29;BC0280982;1
2039;4;2016-05-10;7;2;2016-05-30;293092;1
2040;7;2016-05-10;2;2;2016-05-30;BC0280982;1
2041;4;2016-05-11;7;2;2016-05-31;293092;1
2042;7;2016-05-11;2;2;2016-05-31;BC0280982;1
2043;4;2016-05-12;7;2;2016-06-01;293092;1
2044;7;2016-05-12;2;2;2016-06-01;BC0280982;1
2045;4;2016-05-13;7;2;2016-06-02;293092;1
2046;7;2016-05-13;2;2;2016-06-02;BC0280982;1
2047;4;2016-05-14;7;2;2016-05-21;293092;1
2048;4;2016-05-16;7;2;2016-06-05;293092;1
2049;7;2016-05-16;2;2;2016-06-05;BC0280982;1
2050;4;2016-05-17;7;2;2016-06-06;293092;1
2051;7;2016-05-17;2;2;2016-06-06;BC0280982;1
2052;4;2016-05-18;7;2;2016-06-07;293092;1
2053;7;2016-05-18;2;2;2016-06-07;BC0280982;1
2054;4;2016-05-19;7;2;2016-06-08;293092;1
2055;7;2016-05-19;2;2;2016-06-08;BC0280982;1
2056;4;2016-05-20;7;2;2016-06-09;293092;1
2057;7;2016-05-20;2;2;2016-06-09;BC0280982;1
2058;4;2016-05-21;7;2;2016-06-04;293092;1
2059;7;2016-05-21;2;2;2016-06-04;BC0280982;1
2060;4;2016-05-23;7;2;2016-06-12;293092;1
2061;7;2016-05-23;2;2;2016-06-12;BC0280982;1
2062;4;2016-05-24;7;2;2016-06-13;293092;1
2063;7;2016-05-24;2;2;2016-06-13;BC0280982;1
2064;4;2016-05-25;7;2;2016-06-14;293092;1
2065;7;2016-05-25;2;2;2016-06-14;BC0280982;1
2066;4;2016-05-26;7;2;2016-06-15;293092;1
2067;7;2016-05-26;2;2;2016-06-15;BC0280982;1
2068;4;2016-05-27;7;2;2016-06-16;293092;1
2069;7;2016-05-27;2;2;2016-06-16;BC0280982;1
2070;4;2016-05-28;7;2;2016-06-04;293092;1
2071;4;2016-05-30;7;2;2016-06-19;293092;1
2072;7;2016-05-30;2;2;2016-06-19;BC0280982;1
2073;4;2016-05-31;7;2;2016-06-20;293092;0
2074;7;2016-05-31;2;2;2016-06-20;BC0280982;0
